ISO-10303-21;
HEADER;
FILE_DESCRIPTION(('STEP AP214'),'1');
FILE_NAME('Chamfer2 and Boolean1 (Cut)_1 and Boolean1 (Cut)_2 and Fill Face4.stp','2026-07-07T20:53:29',(' '),(' '),'Spatial InterOp 3D',' ',' ');
FILE_SCHEMA(('AUTOMOTIVE_DESIGN { 1 0 10303 214 1 1 1 1 }'));
ENDSEC;
DATA;
#1=PRODUCT_DEFINITION_CONTEXT('',#12,'design');
#2=APPLICATION_PROTOCOL_DEFINITION('INTERNATIONAL STANDARD','automotive_design',1994,#12);
#3=PRODUCT_CATEGORY_RELATIONSHIP('NONE','NONE',#13,#14);
#4=SHAPE_DEFINITION_REPRESENTATION(#15,#16);
#5=SHAPE_DEFINITION_REPRESENTATION(#15,#17);
#6=SHAPE_DEFINITION_REPRESENTATION(#15,#18);
#7=SHAPE_DEFINITION_REPRESENTATION(#15,#19);
#8= (GEOMETRIC_REPRESENTATION_CONTEXT(3)GLOBAL_UNCERTAINTY_ASSIGNED_CONTEXT((#22))GLOBAL_UNIT_ASSIGNED_CONTEXT((#24,#25,#26))REPRESENTATION_CONTEXT('NONE','WORKSPACE'));
#12=APPLICATION_CONTEXT(' ');
#13=PRODUCT_CATEGORY('part','NONE');
#14=PRODUCT_RELATED_PRODUCT_CATEGORY('detail',' ',(#28));
#15=PRODUCT_DEFINITION_SHAPE('NONE','NONE',#29);
#16=ADVANCED_BREP_SHAPE_REPRESENTATION('1',(#30,#31),#8);
#17=ADVANCED_BREP_SHAPE_REPRESENTATION('2',(#32,#33),#8);
#18=ADVANCED_BREP_SHAPE_REPRESENTATION('3',(#34,#35),#8);
#19=MANIFOLD_SURFACE_SHAPE_REPRESENTATION('4',(#36,#37),#8);
#22=UNCERTAINTY_MEASURE_WITH_UNIT(LENGTH_MEASURE(0.001),#24,'','');
#24= (CONVERSION_BASED_UNIT('MILLIMETRE',#40)LENGTH_UNIT()NAMED_UNIT(#43));
#25= (NAMED_UNIT(#45)PLANE_ANGLE_UNIT()SI_UNIT($,.RADIAN.));
#26= (NAMED_UNIT(#45)SOLID_ANGLE_UNIT()SI_UNIT($,.STERADIAN.));
#28=PRODUCT('1','','PART--DESC',(#51));
#29=PRODUCT_DEFINITION('','NONE',#52,#1);
#30=MANIFOLD_SOLID_BREP('1',#53);
#31=AXIS2_PLACEMENT_3D('',#54,#55,#56);
#32=MANIFOLD_SOLID_BREP('2',#57);
#33=AXIS2_PLACEMENT_3D('',#58,#59,#60);
#34=MANIFOLD_SOLID_BREP('3',#61);
#35=AXIS2_PLACEMENT_3D('',#62,#63,#64);
#36=SHELL_BASED_SURFACE_MODEL('4',(#65));
#37=AXIS2_PLACEMENT_3D('',#66,#67,#68);
#40=LENGTH_MEASURE_WITH_UNIT(LENGTH_MEASURE(1.0),#69);
#43=DIMENSIONAL_EXPONENTS(1.0,0.0,0.0,0.0,0.0,0.0,0.0);
#45=DIMENSIONAL_EXPONENTS(0.0,0.0,0.0,0.0,0.0,0.0,0.0);
#51=PRODUCT_CONTEXT('',#12,'mechanical');
#52=PRODUCT_DEFINITION_FORMATION_WITH_SPECIFIED_SOURCE(' ','NONE',#28,.NOT_KNOWN.);
#53=CLOSED_SHELL('',(#70,#71,#72,#73,#74,#75,#76,#77,#78,#79,#80));
#54=CARTESIAN_POINT('',(0.0,0.0,0.0));
#55=DIRECTION('',(0.0,0.0,1.0));
#56=DIRECTION('',(1.0,0.0,0.0));
#57=CLOSED_SHELL('',(#81,#82,#83,#84,#85,#86,#87,#88));
#58=CARTESIAN_POINT('',(0.0,0.0,0.0));
#59=DIRECTION('',(0.0,0.0,1.0));
#60=DIRECTION('',(1.0,0.0,0.0));
#61=CLOSED_SHELL('',(#89,#90,#91,#92,#93,#94,#95,#96,#97,#98,#99,#100,#101));
#62=CARTESIAN_POINT('',(0.0,0.0,0.0));
#63=DIRECTION('',(0.0,0.0,1.0));
#64=DIRECTION('',(1.0,0.0,0.0));
#65=CLOSED_SHELL('',(#102));
#66=CARTESIAN_POINT('',(0.0,0.0,0.0));
#67=DIRECTION('',(0.0,0.0,1.0));
#68=DIRECTION('',(1.0,0.0,0.0));
#69= (NAMED_UNIT(#43)LENGTH_UNIT()SI_UNIT(.MILLI.,.METRE.));
#70=ADVANCED_FACE('',(#104),#105,.F.);
#71=ADVANCED_FACE('',(#106),#107,.T.);
#72=ADVANCED_FACE('',(#108,#109),#110,.F.);
#73=ADVANCED_FACE('',(#111,#112,#113,#114,#115),#116,.T.);
#74=ADVANCED_FACE('',(#117),#118,.T.);
#75=ADVANCED_FACE('',(#119),#120,.F.);
#76=ADVANCED_FACE('',(#121),#122,.T.);
#77=ADVANCED_FACE('',(#123,#124),#125,.F.);
#78=ADVANCED_FACE('',(#126,#127),#128,.F.);
#79=ADVANCED_FACE('',(#129,#130),#131,.F.);
#80=ADVANCED_FACE('',(#132,#133,#134,#135,#136),#137,.F.);
#81=ADVANCED_FACE('',(#138),#139,.T.);
#82=ADVANCED_FACE('',(#140),#141,.F.);
#83=ADVANCED_FACE('',(#142),#143,.F.);
#84=ADVANCED_FACE('',(#144),#145,.T.);
#85=ADVANCED_FACE('',(#146),#147,.F.);
#86=ADVANCED_FACE('',(#148),#149,.F.);
#87=ADVANCED_FACE('',(#150),#151,.T.);
#88=ADVANCED_FACE('',(#152),#153,.F.);
#89=ADVANCED_FACE('',(#154),#155,.T.);
#90=ADVANCED_FACE('',(#156),#157,.F.);
#91=ADVANCED_FACE('',(#158),#159,.T.);
#92=ADVANCED_FACE('',(#160),#161,.T.);
#93=ADVANCED_FACE('',(#162),#163,.F.);
#94=ADVANCED_FACE('',(#164),#165,.F.);
#95=ADVANCED_FACE('',(#166),#167,.F.);
#96=ADVANCED_FACE('',(#168),#169,.F.);
#97=ADVANCED_FACE('',(#170),#171,.T.);
#98=ADVANCED_FACE('',(#172),#173,.T.);
#99=ADVANCED_FACE('',(#174),#175,.F.);
#100=ADVANCED_FACE('',(#176),#177,.T.);
#101=ADVANCED_FACE('',(#178),#179,.T.);
#102=FACE_SURFACE('',(#180),#181,.T.);
#104=FACE_OUTER_BOUND('',#182,.T.);
#105=B_SPLINE_SURFACE_WITH_KNOTS('',3,1,((#183,#184),(#185,#186),(#187,#188),(#189,#190),(#191,#192),(#193,#194),(#195,#196)),.UNSPECIFIED.,.F.,.F.,.F.,(4,1,1,1,4),(2,2),(0.0,1.16999413438283,2.40123693822093,3.60934671526662,4.70812097463829),(0.0,1.0),.UNSPECIFIED.);
#106=FACE_OUTER_BOUND('',#197,.T.);
#107=B_SPLINE_SURFACE_WITH_KNOTS('',3,1,((#198,#199),(#200,#201),(#202,#203),(#204,#205),(#206,#207),(#208,#209),(#210,#211)),.UNSPECIFIED.,.F.,.F.,.F.,(4,1,1,1,4),(2,2),(0.0,1.16999413438283,2.40123693822093,3.60934671526662,4.70812097463829),(0.0,1.0),.UNSPECIFIED.);
#108=FACE_OUTER_BOUND('',#212,.T.);
#109=FACE_OUTER_BOUND('',#213,.T.);
#110=CYLINDRICAL_SURFACE('',#214,1.0);
#111=FACE_BOUND('',#215,.T.);
#112=FACE_BOUND('',#216,.T.);
#113=FACE_BOUND('',#217,.T.);
#114=FACE_BOUND('',#218,.T.);
#115=FACE_OUTER_BOUND('',#219,.T.);
#116=PLANE('',#220);
#117=FACE_OUTER_BOUND('',#221,.T.);
#118=PLANE('',#222);
#119=FACE_OUTER_BOUND('',#223,.T.);
#120=PLANE('',#224);
#121=FACE_OUTER_BOUND('',#225,.T.);
#122=CYLINDRICAL_SURFACE('',#226,19.3723782894057);
#123=FACE_OUTER_BOUND('',#227,.T.);
#124=FACE_OUTER_BOUND('',#228,.T.);
#125=CYLINDRICAL_SURFACE('',#229,1.0);
#126=FACE_OUTER_BOUND('',#230,.T.);
#127=FACE_OUTER_BOUND('',#231,.T.);
#128=CYLINDRICAL_SURFACE('',#232,1.0);
#129=FACE_OUTER_BOUND('',#233,.T.);
#130=FACE_OUTER_BOUND('',#234,.T.);
#131=CYLINDRICAL_SURFACE('',#235,1.0);
#132=FACE_BOUND('',#236,.T.);
#133=FACE_BOUND('',#237,.T.);
#134=FACE_BOUND('',#238,.T.);
#135=FACE_BOUND('',#239,.T.);
#136=FACE_OUTER_BOUND('',#240,.T.);
#137=PLANE('',#241);
#138=FACE_OUTER_BOUND('',#242,.T.);
#139=PLANE('',#243);
#140=FACE_OUTER_BOUND('',#244,.T.);
#141=B_SPLINE_SURFACE_WITH_KNOTS('',3,3,((#245,#246,#247,#248,#249,#250),(#251,#252,#253,#254,#255,#256),(#257,#258,#259,#260,#261,#262),(#263,#264,#265,#266,#267,#268),(#269,#270,#271,#272,#273,#274),(#275,#276,#277,#278,#279,#280),(#281,#282,#283,#284,#285,#286),(#287,#288,#289,#290,#291,#292)),.UNSPECIFIED.,.F.,.F.,.F.,(4,1,1,1,1,4),(4,1,1,4),(0.0,0.267956769873889,0.535355072352293,0.54499247586641,0.766166945001184,1.0),(0.0,0.5,0.574933438762658,1.0),.UNSPECIFIED.);
#142=FACE_OUTER_BOUND('',#293,.T.);
#143=B_SPLINE_SURFACE_WITH_KNOTS('',1,3,((#294,#295,#296,#297,#298,#299),(#300,#301,#302,#303,#304,#305)),.UNSPECIFIED.,.F.,.F.,.F.,(2,2),(4,2,4),(0.0,1.0),(0.0,0.5,1.0),.UNSPECIFIED.);
#144=FACE_OUTER_BOUND('',#306,.T.);
#145=OFFSET_SURFACE('',#307,1.5,.F.);
#146=FACE_OUTER_BOUND('',#308,.T.);
#147=B_SPLINE_SURFACE_WITH_KNOTS('',1,3,((#309,#310,#311,#312),(#313,#314,#315,#316)),.UNSPECIFIED.,.F.,.F.,.F.,(2,2),(4,4),(0.0,1.0),(0.0,1.0),.UNSPECIFIED.);
#148=FACE_OUTER_BOUND('',#317,.T.);
#149=B_SPLINE_SURFACE_WITH_KNOTS('',1,3,((#318,#319,#320,#321,#322,#323),(#324,#325,#326,#327,#328,#329)),.UNSPECIFIED.,.F.,.F.,.F.,(2,2),(4,2,4),(0.0,1.0),(0.0,0.5,1.0),.UNSPECIFIED.);
#150=FACE_OUTER_BOUND('',#330,.T.);
#151=PLANE('',#331);
#152=FACE_OUTER_BOUND('',#332,.T.);
#153=CYLINDRICAL_SURFACE('',#333,19.3723782894057);
#154=FACE_OUTER_BOUND('',#334,.T.);
#155=PLANE('',#335);
#156=FACE_OUTER_BOUND('',#336,.T.);
#157=OFFSET_SURFACE('',#337,-1.5,.F.);
#158=FACE_OUTER_BOUND('',#338,.T.);
#159=B_SPLINE_SURFACE_WITH_KNOTS('',1,3,((#339,#340,#341,#342,#343,#344),(#345,#346,#347,#348,#349,#350)),.UNSPECIFIED.,.F.,.F.,.F.,(2,2),(4,2,4),(0.0,1.0),(0.0,0.5,1.0),.UNSPECIFIED.);
#160=FACE_OUTER_BOUND('',#351,.T.);
#161=PLANE('',#352);
#162=FACE_OUTER_BOUND('',#353,.T.);
#163=CYLINDRICAL_SURFACE('',#354,19.3723782894057);
#164=FACE_OUTER_BOUND('',#355,.T.);
#165=B_SPLINE_SURFACE_WITH_KNOTS('',3,3,((#356,#357,#358,#359,#360,#361),(#362,#363,#364,#365,#366,#367),(#368,#369,#370,#371,#372,#373),(#374,#375,#376,#377,#378,#379),(#380,#381,#382,#383,#384,#385)),.UNSPECIFIED.,.F.,.F.,.F.,(4,1,4),(4,1,1,4),(0.0,0.574933438762657,1.0),(0.0,0.575236038274189,0.651815924389579,1.0),.UNSPECIFIED.);
#166=FACE_OUTER_BOUND('',#386,.T.);
#167=PLANE('',#387);
#168=FACE_OUTER_BOUND('',#388,.T.);
#169=B_SPLINE_SURFACE_WITH_KNOTS('',1,3,((#389,#390,#391,#392,#393,#394,#395,#396),(#397,#398,#399,#400,#401,#402,#403,#404)),.UNSPECIFIED.,.F.,.F.,.F.,(2,2),(4,2,2,4),(0.0,1.0),(0.0,0.5,0.75,1.0),.UNSPECIFIED.);
#170=FACE_OUTER_BOUND('',#405,.T.);
#171=PLANE('',#406);
#172=FACE_OUTER_BOUND('',#407,.T.);
#173=B_SPLINE_SURFACE_WITH_KNOTS('',3,3,((#408,#409,#410,#411,#412,#413,#414,#415,#416,#417),(#418,#419,#420,#421,#422,#423,#424,#425,#426,#427),(#428,#429,#430,#431,#432,#433,#434,#435,#436,#437),(#438,#439,#440,#441,#442,#443,#444,#445,#446,#447),(#448,#449,#450,#451,#452,#453,#454,#455,#456,#457),(#458,#459,#460,#461,#462,#463,#464,#465,#466,#467),(#468,#469,#470,#471,#472,#473,#474,#475,#476,#477),(#478,#479,#480,#481,#482,#483,#484,#485,#486,#487),(#488,#489,#490,#491,#492,#493,#494,#495,#496,#497),(#498,#499,#500,#501,#502,#503,#504,#505,#506,#507)),.UNSPECIFIED.,.F.,.F.,.F.,(4,2,2,2,4),(4,2,2,2,4),(0.0,0.25,0.5,0.75,1.0),(0.0,0.375,0.5,0.625,1.0),.UNSPECIFIED.);
#174=FACE_OUTER_BOUND('',#508,.T.);
#175=B_SPLINE_SURFACE_WITH_KNOTS('',1,3,((#509,#510,#511,#512,#513,#514,#515),(#516,#517,#518,#519,#520,#521,#522),(#523,#524,#525,#526,#527,#528,#529)),.UNSPECIFIED.,.F.,.F.,.F.,(2,1,2),(4,3,4),(-0.01,0.0,1.0),(-0.01,0.0,1.0),.UNSPECIFIED.);
#176=FACE_OUTER_BOUND('',#530,.T.);
#177=OFFSET_SURFACE('',#531,1.5,.F.);
#178=FACE_OUTER_BOUND('',#532,.T.);
#179=B_SPLINE_SURFACE_WITH_KNOTS('',1,3,((#533,#534,#535,#536,#537,#538),(#539,#540,#541,#542,#543,#544),(#545,#546,#547,#548,#549,#550)),.UNSPECIFIED.,.F.,.F.,.F.,(2,1,2),(4,2,4),(-0.01,0.0,1.0),(0.0,0.5,1.0),.UNSPECIFIED.);
#180=FACE_BOUND('',#551,.T.);
#181=PLANE('',#552);
#182=EDGE_LOOP('',(#553,#554,#555,#556));
#183=CARTESIAN_POINT('',(-11.6902017506824,-1.5,-4.01619226167109));
#184=CARTESIAN_POINT('',(-11.6902017506824,0.0,-4.01619226167109));
#185=CARTESIAN_POINT('',(-11.4068500795859,-1.5,-4.99795873728532));
#186=CARTESIAN_POINT('',(-11.4068500795859,0.0,-4.99795873728532));
#187=CARTESIAN_POINT('',(-10.8253134041884,-1.5,-7.01288672424948));
#188=CARTESIAN_POINT('',(-10.8253134041884,0.0,-7.01288672424948));
#189=CARTESIAN_POINT('',(-7.16865358085465,-1.5,-9.72321380021496));
#190=CARTESIAN_POINT('',(-7.16865358085465,0.0,-9.72321380021496));
#191=CARTESIAN_POINT('',(-3.36763063592971,-1.5,-10.6105850491982));
#192=CARTESIAN_POINT('',(-3.36763063592971,0.0,-10.6105850491982));
#193=CARTESIAN_POINT('',(-1.534858225461,-1.5,-10.8263308045014));
#194=CARTESIAN_POINT('',(-1.534858225461,0.0,-10.8263308045014));
#195=CARTESIAN_POINT('',(-0.661904441864206,-1.5,-10.9290910121033));
#196=CARTESIAN_POINT('',(-0.661904441864206,0.0,-10.9290910121033));
#197=EDGE_LOOP('',(#557,#558,#559,#560));
#198=CARTESIAN_POINT('',(10.6880751681799,-1.5,-4.55810415628592));
#199=CARTESIAN_POINT('',(10.6880751681799,0.0,-4.55810415628592));
#200=CARTESIAN_POINT('',(10.357534618218,-1.5,-5.52500463047344));
#201=CARTESIAN_POINT('',(10.357534618218,0.0,-5.52500463047344));
#202=CARTESIAN_POINT('',(9.67914986839435,-1.5,-7.50942238606085));
#203=CARTESIAN_POINT('',(9.67914986839435,0.0,-7.50942238606085));
#204=CARTESIAN_POINT('',(5.89558664380555,-1.5,-10.0395771733879));
#205=CARTESIAN_POINT('',(5.89558664380555,0.0,-10.0395771733879));
#206=CARTESIAN_POINT('',(2.05606708947871,-1.5,-10.7419252020103));
#207=CARTESIAN_POINT('',(2.05606708947871,0.0,-10.7419252020103));
#208=CARTESIAN_POINT('',(0.215000079072969,-1.5,-10.868705337293));
#209=CARTESIAN_POINT('',(0.215000079072969,0.0,-10.868705337293));
#210=CARTESIAN_POINT('',(-0.661904441864206,-1.5,-10.9290910121033));
#211=CARTESIAN_POINT('',(-0.661904441864206,0.0,-10.9290910121033));
#212=EDGE_LOOP('',(#561));
#213=EDGE_LOOP('',(#562));
#214=AXIS2_PLACEMENT_3D('',#563,#564,#565);
#215=EDGE_LOOP('',(#566));
#216=EDGE_LOOP('',(#567));
#217=EDGE_LOOP('',(#568));
#218=EDGE_LOOP('',(#569));
#219=EDGE_LOOP('',(#570,#571,#572,#573,#574));
#220=AXIS2_PLACEMENT_3D('',#575,#576,#577);
#221=EDGE_LOOP('',(#578,#579,#580,#581));
#222=AXIS2_PLACEMENT_3D('',#582,#583,#584);
#223=EDGE_LOOP('',(#585,#586,#587,#588));
#224=AXIS2_PLACEMENT_3D('',#589,#590,#591);
#225=EDGE_LOOP('',(#592,#593,#594,#595));
#226=AXIS2_PLACEMENT_3D('',#596,#597,#598);
#227=EDGE_LOOP('',(#599));
#228=EDGE_LOOP('',(#600));
#229=AXIS2_PLACEMENT_3D('',#601,#602,#603);
#230=EDGE_LOOP('',(#604));
#231=EDGE_LOOP('',(#605));
#232=AXIS2_PLACEMENT_3D('',#606,#607,#608);
#233=EDGE_LOOP('',(#609));
#234=EDGE_LOOP('',(#610));
#235=AXIS2_PLACEMENT_3D('',#611,#612,#613);
#236=EDGE_LOOP('',(#614));
#237=EDGE_LOOP('',(#615));
#238=EDGE_LOOP('',(#616));
#239=EDGE_LOOP('',(#617));
#240=EDGE_LOOP('',(#618,#619,#620,#621,#622));
#241=AXIS2_PLACEMENT_3D('',#623,#624,#625);
#242=EDGE_LOOP('',(#626,#627,#628,#629,#630));
#243=AXIS2_PLACEMENT_3D('',#631,#632,#633);
#244=EDGE_LOOP('',(#634,#635,#636,#637,#638,#639));
#245=CARTESIAN_POINT('',(-11.8393074948564,0.0,1.16951563854192));
#246=CARTESIAN_POINT('',(-10.9281855602306,-5.10833333333334,3.53003013228072));
#247=CARTESIAN_POINT('',(-9.8805166262177,-10.9822366326918,6.2443075625494));
#248=CARTESIAN_POINT('',(-8.05827275696618,-21.1989032993585,10.965336550027));
#249=CARTESIAN_POINT('',(-7.14715082234042,-26.3072366326918,13.3258510437658));
#250=CARTESIAN_POINT('',(-6.37257588710185,-30.65,15.3326026009747));
#251=CARTESIAN_POINT('',(-11.8683388785695,0.0,2.17919019339737));
#252=CARTESIAN_POINT('',(-10.9085516534303,-5.36071367517173,4.47132124426311));
#253=CARTESIAN_POINT('',(-9.80492411377085,-11.5248207701487,7.10696681860092));
#254=CARTESIAN_POINT('',(-7.98233739405039,-21.7149459019784,11.5579185059576));
#255=CARTESIAN_POINT('',(-7.11953789946913,-26.5443573586364,13.7167391424485));
#256=CARTESIAN_POINT('',(-6.38604347107117,-30.65,15.5520240710113));
#257=CARTESIAN_POINT('',(-11.9263411396639,0.0,4.1964349699384));
#258=CARTESIAN_POINT('',(-10.8693247602245,-5.86494835537323,6.35194165776141));
#259=CARTESIAN_POINT('',(-9.6538966365053,-12.6088582076135,8.83048740237339));
#260=CARTESIAN_POINT('',(-7.83062493040553,-22.7459555868334,12.7418473764286));
#261=CARTESIAN_POINT('',(-7.06436960374519,-27.01810461068,14.4977006626608));
#262=CARTESIAN_POINT('',(-6.41295057027861,-30.65,15.9904096994928));
#263=CARTESIAN_POINT('',(-11.9767106212252,0.0,5.94822139445801));
#264=CARTESIAN_POINT('',(-10.8188816420546,-6.3782602131899,7.96151158039459));
#265=CARTESIAN_POINT('',(-9.48753244906737,-13.7124103685745,10.2765272800498));
#266=CARTESIAN_POINT('',(-7.65989715189948,-23.7955253953765,13.6323165857637));
#267=CARTESIAN_POINT('',(-6.99009083390217,-27.5003802089886,14.974815705541));
#268=CARTESIAN_POINT('',(-6.42066629732984,-30.65,16.1161186741568));
#269=CARTESIAN_POINT('',(-12.0145555168922,0.0,7.26441867130049));
#270=CARTESIAN_POINT('',(-10.7678786307812,-6.84750924304335,9.22691056466571));
#271=CARTESIAN_POINT('',(-9.33436617246572,-14.7212333151674,11.4835149902583));
#272=CARTESIAN_POINT('',(-7.50936368028036,-24.754999849205,14.4898445763275));
#273=CARTESIAN_POINT('',(-6.93103807420605,-27.9412571401993,15.5336822690314));
#274=CARTESIAN_POINT('',(-6.43938432090701,-30.65,16.4210832660865));
#275=CARTESIAN_POINT('',(-12.0433638155166,0.0,8.26633461086124));
#276=CARTESIAN_POINT('',(-10.7163005885051,-7.2851441859052,10.2417730329412));
#277=CARTESIAN_POINT('',(-9.19035453938264,-15.6620901832737,12.5132642430819));
#278=CARTESIAN_POINT('',(-7.37275894551667,-25.6498329145174,15.3143227033766));
#279=CARTESIAN_POINT('',(-6.88222657866221,-28.3524314598559,16.1399427415913));
#280=CARTESIAN_POINT('',(-6.46520876595333,-30.65,16.8418296826563));
#281=CARTESIAN_POINT('',(-12.0651390646162,0.0,9.0236500443503));
#282=CARTESIAN_POINT('',(-10.6579814753125,-7.7137019511519,11.0091865183019));
#283=CARTESIAN_POINT('',(-9.03993757191401,-16.5834323278838,13.2922891438173));
#284=CARTESIAN_POINT('',(-7.22684454741125,-26.5261058561417,15.8871742020037));
#285=CARTESIAN_POINT('',(-6.82090911221215,-28.7550774332476,16.4965227862385));
#286=CARTESIAN_POINT('',(-6.4758099531632,-30.65,17.0145502008295));
#287=CARTESIAN_POINT('',(-12.0763295894982,0.0,9.41284224891375));
#288=CARTESIAN_POINT('',(-10.6280106821293,-7.93394220252339,11.4035682157714));
#289=CARTESIAN_POINT('',(-8.96263674245226,-17.0569195494052,13.6926380672906));
#290=CARTESIAN_POINT('',(-7.15185763473929,-26.9764315498606,16.1815684897458));
#291=CARTESIAN_POINT('',(-6.78939743439516,-28.9620013477926,16.6797729453435));
#292=CARTESIAN_POINT('',(-6.48125801250379,-30.65,17.1033130548116));
#293=EDGE_LOOP('',(#640,#641,#642,#643));
#294=CARTESIAN_POINT('',(-4.90628075586095,-30.3468845410629,15.4226004156849));
#295=CARTESIAN_POINT('',(-4.93695628677254,-30.3488173549873,15.9288932356867));
#296=CARTESIAN_POINT('',(-4.94395953282873,-30.3505505721013,16.0487781819397));
#297=CARTESIAN_POINT('',(-4.97462050250057,-30.3546589696214,16.5618892758185));
#298=CARTESIAN_POINT('',(-5.00782016238424,-30.3578969471423,17.1133370870323));
#299=CARTESIAN_POINT('',(-5.01246900529883,-30.3592566929471,17.193463937879));
#300=CARTESIAN_POINT('',(-6.37257588710185,-30.65,15.3326026009747));
#301=CARTESIAN_POINT('',(-6.40364956998503,-30.65,15.8388725595071));
#302=CARTESIAN_POINT('',(-6.41100640281731,-30.65,15.9587342272383));
#303=CARTESIAN_POINT('',(-6.44249685397586,-30.65,16.4717944094557));
#304=CARTESIAN_POINT('',(-6.47634281144632,-30.65,17.0232318283634));
#305=CARTESIAN_POINT('',(-6.48125801250379,-30.65,17.1033130548116));
#306=EDGE_LOOP('',(#644,#645,#646,#647));
#307=B_SPLINE_SURFACE_WITH_KNOTS('',3,3,((#648,#649,#650,#651,#652,#653),(#654,#655,#656,#657,#658,#659),(#660,#661,#662,#663,#664,#665),(#666,#667,#668,#669,#670,#671),(#672,#673,#674,#675,#676,#677),(#678,#679,#680,#681,#682,#683),(#684,#685,#686,#687,#688,#689),(#690,#691,#692,#693,#694,#695)),.UNSPECIFIED.,.F.,.F.,.F.,(4,1,1,1,1,4),(4,1,1,4),(0.0,0.267956769873889,0.535355072352293,0.54499247586641,0.766166945001184,1.0),(0.0,0.5,0.574933438762658,1.0),.UNSPECIFIED.);
#308=EDGE_LOOP('',(#696,#697,#698,#699));
#309=CARTESIAN_POINT('',(-10.3667045422007,0.282219229886947,1.2118576993278));
#310=CARTESIAN_POINT('',(-8.54501776738881,-9.93226588551309,5.93772119874327));
#311=CARTESIAN_POINT('',(-6.72241815349648,-20.1478019723037,10.6613051428087));
#312=CARTESIAN_POINT('',(-4.90628075586095,-30.3468845410629,15.4226004156849));
#313=CARTESIAN_POINT('',(-11.8393074948564,0.0,1.16951563854192));
#314=CARTESIAN_POINT('',(-10.0170636256049,-10.2166666666667,5.89054462601953));
#315=CARTESIAN_POINT('',(-8.19481975635338,-20.4333333333333,10.6115736134971));
#316=CARTESIAN_POINT('',(-6.37257588710185,-30.65,15.3326026009747));
#317=EDGE_LOOP('',(#700,#701,#702,#703,#704));
#318=CARTESIAN_POINT('',(-5.01246900529883,-30.3592566929471,17.193463937879));
#319=CARTESIAN_POINT('',(-5.35665621858109,-28.4619128018918,16.6820807917149));
#320=CARTESIAN_POINT('',(-5.75534591953682,-26.2798819268021,16.133838773558));
#321=CARTESIAN_POINT('',(-7.70687661338735,-15.5873765675785,13.4407229358027));
#322=CARTESIAN_POINT('',(-9.15503186414282,-7.65396883784183,11.4477479106142));
#323=CARTESIAN_POINT('',(-10.6032162246169,0.27954055351199,9.45519898568917));
#324=CARTESIAN_POINT('',(-6.48125801250379,-30.65,17.1033130548116));
#325=CARTESIAN_POINT('',(-6.82903383691721,-28.7448717328122,16.6252923918328));
#326=CARTESIAN_POINT('',(-7.22738823753645,-26.5626722361726,16.0777510697594));
#327=CARTESIAN_POINT('',(-9.17969177476051,-15.8678844050468,13.394294182629));
#328=CARTESIAN_POINT('',(-10.6280106821293,-7.93394220252338,11.4035682157714));
#329=CARTESIAN_POINT('',(-12.0763295894982,0.0,9.41284224891375));
#330=EDGE_LOOP('',(#705,#706,#707,#708,#709));
#331=AXIS2_PLACEMENT_3D('',#710,#711,#712);
#332=EDGE_LOOP('',(#713,#714,#715));
#333=AXIS2_PLACEMENT_3D('',#716,#717,#718);
#334=EDGE_LOOP('',(#719,#720,#721));
#335=AXIS2_PLACEMENT_3D('',#722,#723,#724);
#336=EDGE_LOOP('',(#725,#726,#727,#728,#729));
#337=B_SPLINE_SURFACE_WITH_KNOTS('',3,3,((#730,#731,#732,#733,#734,#735,#736,#737,#738,#739),(#740,#741,#742,#743,#744,#745,#746,#747,#748,#749),(#750,#751,#752,#753,#754,#755,#756,#757,#758,#759),(#760,#761,#762,#763,#764,#765,#766,#767,#768,#769),(#770,#771,#772,#773,#774,#775,#776,#777,#778,#779),(#780,#781,#782,#783,#784,#785,#786,#787,#788,#789),(#790,#791,#792,#793,#794,#795,#796,#797,#798,#799),(#800,#801,#802,#803,#804,#805,#806,#807,#808,#809),(#810,#811,#812,#813,#814,#815,#816,#817,#818,#819),(#820,#821,#822,#823,#824,#825,#826,#827,#828,#829)),.UNSPECIFIED.,.F.,.F.,.F.,(4,2,2,2,4),(4,2,2,2,4),(0.0,0.25,0.5,0.75,1.0),(0.0,0.375,0.5,0.625,1.0),.UNSPECIFIED.);
#338=EDGE_LOOP('',(#830,#831,#832,#833,#834,#835));
#339=CARTESIAN_POINT('',(-12.0763295894982,0.0,9.41284224891375));
#340=CARTESIAN_POINT('',(-10.6280106821293,-7.93394220252338,11.4035682157714));
#341=CARTESIAN_POINT('',(-9.17969177476051,-15.8678844050468,13.394294182629));
#342=CARTESIAN_POINT('',(-7.22738823753645,-26.5626722361726,16.0777510697593));
#343=CARTESIAN_POINT('',(-6.82903383691721,-28.7448717328122,16.6252923918328));
#344=CARTESIAN_POINT('',(-6.48125801250379,-30.65,17.1033130548116));
#345=CARTESIAN_POINT('',(-11.1873948606096,-0.138875727977431,8.21263035930652));
#346=CARTESIAN_POINT('',(-9.77222214394432,-8.08468581142311,10.1801798856665));
#347=CARTESIAN_POINT('',(-8.36539323052384,-16.0331436709503,12.1432322668082));
#348=CARTESIAN_POINT('',(-6.53940045703247,-26.7680619070005,14.7586466166077));
#349=CARTESIAN_POINT('',(-6.22957961792894,-28.9771150256309,15.2619873447328));
#350=CARTESIAN_POINT('',(-6.02011911736416,-30.9176115550086,15.7012663455272));
#351=EDGE_LOOP('',(#836,#837));
#352=AXIS2_PLACEMENT_3D('',#838,#839,#840);
#353=EDGE_LOOP('',(#841,#842,#843,#844,#845));
#354=AXIS2_PLACEMENT_3D('',#846,#847,#848);
#355=EDGE_LOOP('',(#849,#850,#851,#852,#853,#854));
#356=CARTESIAN_POINT('',(6.31323313881737,-30.65,15.0254033099443));
#357=CARTESIAN_POINT('',(7.94003473833749,-20.1700970168567,10.1115307512848));
#358=CARTESIAN_POINT('',(9.78340879322278,-8.29502800872443,4.54348533854505));
#359=CARTESIAN_POINT('',(11.026182748377,-0.289042224208318,0.78959621239285));
#360=CARTESIAN_POINT('',(11.0568390850345,-0.0915532162802978,0.696996517695728));
#361=CARTESIAN_POINT('',(11.0819684491109,0.0703308743314736,0.621091445690737));
#362=CARTESIAN_POINT('',(6.37105568543,-30.65,15.5502719581225));
#363=CARTESIAN_POINT('',(7.98014058422817,-20.4275125991584,11.0879687524218));
#364=CARTESIAN_POINT('',(9.80343935368307,-8.84412833357747,6.03160910976681));
#365=CARTESIAN_POINT('',(11.0655593483943,-0.818981698076648,2.53176982435688));
#366=CARTESIAN_POINT('',(11.1421679664884,-0.337678010989354,2.34699291400692));
#367=CARTESIAN_POINT('',(11.2049649626519,0.0568523505212808,2.19552908109851));
#368=CARTESIAN_POINT('',(6.47162827821061,-30.65,16.4631926769241));
#369=CARTESIAN_POINT('',(8.04989795645025,-20.8752437014852,12.7863183965797));
#370=CARTESIAN_POINT('',(9.83827914401324,-9.79919597764207,8.61995007393901));
#371=CARTESIAN_POINT('',(11.1340483200954,-1.74072226513922,5.56198774960656));
#372=CARTESIAN_POINT('',(11.2905832015417,-0.765770687662951,5.21688407890807));
#373=CARTESIAN_POINT('',(11.4188967071783,0.0334087257441229,4.93399849209014));
#374=CARTESIAN_POINT('',(6.49679784683456,-30.65,16.691662680976));
#375=CARTESIAN_POINT('',(8.05871048347895,-21.3229748038118,13.9314575651702));
#376=CARTESIAN_POINT('',(9.82855705311414,-10.7542636217067,10.8037925209883));
#377=CARTESIAN_POINT('',(11.1831097519527,-2.6624628322018,8.4158573959832));
#378=CARTESIAN_POINT('',(11.4302470591734,-1.19386336433654,8.00733696400391));
#379=CARTESIAN_POINT('',(11.6328284517047,0.00996510096696505,7.67246790308177));
#380=CARTESIAN_POINT('',(6.50749658881737,-30.65,16.7887776399443));
#381=CARTESIAN_POINT('',(8.06245639403884,-21.5132903238369,14.4182179337011));
#382=CARTESIAN_POINT('',(9.82442451736763,-11.1602309409183,11.7320709202397));
#383=CARTESIAN_POINT('',(11.2039641260817,-3.05426392539605,9.62894195278816));
#384=CARTESIAN_POINT('',(11.4896134948662,-1.37583124630108,9.19346517616642));
#385=CARTESIAN_POINT('',(11.72376368269,0.0,8.83649967866564));
#386=EDGE_LOOP('',(#855,#856,#857,#858));
#387=AXIS2_PLACEMENT_3D('',#859,#860,#861);
#388=EDGE_LOOP('',(#862,#863,#864,#865));
#389=CARTESIAN_POINT('',(4.85281320196076,-30.3478600025313,15.1862915629691));
#390=CARTESIAN_POINT('',(6.26009174882736,-21.2533737262439,10.8814998773087));
#391=CARTESIAN_POINT('',(7.67469713960638,-12.1439040972606,6.6109989762662));
#392=CARTESIAN_POINT('',(9.00195155614681,-3.58969918685782,2.59271658950796));
#393=CARTESIAN_POINT('',(9.29461327218675,-1.70358469902735,1.70686543197289));
#394=CARTESIAN_POINT('',(9.57770880803143,0.121397003981323,0.848735517602522));
#395=CARTESIAN_POINT('',(9.5956254383971,0.237293407246699,0.793471859296412));
#396=CARTESIAN_POINT('',(9.61354579443488,0.353198402396762,0.738227557972659));
#397=CARTESIAN_POINT('',(6.31323313881737,-30.65,15.0254033099443));
#398=CARTESIAN_POINT('',(7.72726276429147,-21.5407802312032,10.7542239751081));
#399=CARTESIAN_POINT('',(9.14129238976557,-12.4315604624063,6.483044640272));
#400=CARTESIAN_POINT('',(10.4695842729287,-3.8746657107975,2.47084239232178));
#401=CARTESIAN_POINT('',(10.7624511924372,-1.98800853986436,1.58621655993017));
#402=CARTESIAN_POINT('',(11.045882128919,-0.162138244665373,0.730092800608992));
#403=CARTESIAN_POINT('',(11.063925289015,-0.0459036851669493,0.675592123149865));
#404=CARTESIAN_POINT('',(11.0819684491109,0.0703308743314736,0.621091445690737));
#405=EDGE_LOOP('',(#866,#867,#868,#869,#870,#871,#872));
#406=AXIS2_PLACEMENT_3D('',#873,#874,#875);
#407=EDGE_LOOP('',(#876,#877,#878,#879));
#408=CARTESIAN_POINT('',(11.72376368269,0.0,8.83649967866564));
#409=CARTESIAN_POINT('',(11.4715800632065,-1.48179297533463,9.22095741507448));
#410=CARTESIAN_POINT('',(11.219396443723,-2.96358595066926,9.60541515148332));
#411=CARTESIAN_POINT('',(10.5470070691251,-6.91444467023784,10.63048290756));
#412=CARTESIAN_POINT('',(10.3485566106667,-8.080509682303,10.9330236285018));
#413=CARTESIAN_POINT('',(9.89339990909124,-10.7549419251753,11.6269168938827));
#414=CARTESIAN_POINT('',(9.63824213762825,-12.2542105697061,12.0159087699003));
#415=CARTESIAN_POINT('',(8.53487278975042,-18.7374427171128,13.6980120039517));
#416=CARTESIAN_POINT('',(7.5211846892839,-24.6937213585564,15.243394821948));
#417=CARTESIAN_POINT('',(6.50749658881738,-30.65,16.7887776399443));
#418=CARTESIAN_POINT('',(10.0703372837633,0.0,10.1898055410966));
#419=CARTESIAN_POINT('',(9.89596775127605,-1.48179297533463,10.4545164586345));
#420=CARTESIAN_POINT('',(9.72159821878884,-2.96358595066926,10.7192273761724));
#421=CARTESIAN_POINT('',(9.15296096018601,-6.91444467023784,11.5846327070878));
#422=CARTESIAN_POINT('',(8.98044853072632,-8.080509682303,11.8472578217392));
#423=CARTESIAN_POINT('',(8.57716788714842,-10.7549419251753,12.4613198745395));
#424=CARTESIAN_POINT('',(8.3479481446842,-12.2542105697061,12.8103961442667));
#425=CARTESIAN_POINT('',(7.34833091280143,-18.7374427171128,14.3328369531568));
#426=CARTESIAN_POINT('',(6.41245689933122,-24.6937213585564,15.7584729522822));
#427=CARTESIAN_POINT('',(5.47658288586099,-30.65,17.1841089514075));
#428=CARTESIAN_POINT('',(8.19167049603147,0.0,11.2666353024731));
#429=CARTESIAN_POINT('',(8.11822648575987,-1.7610844551195,11.5064459848229));
#430=CARTESIAN_POINT('',(8.04478247548828,-3.522168910239,11.7462566671726));
#431=CARTESIAN_POINT('',(7.61512198815642,-7.6310370092788,12.5236167752714));
#432=CARTESIAN_POINT('',(7.47786751902571,-8.81787969226649,12.759437112917));
#433=CARTESIAN_POINT('',(7.14505497687539,-11.4922659798206,13.3092685795864));
#434=CARTESIAN_POINT('',(6.95084427304493,-12.9707081747431,13.6209231891824));
#435=CARTESIAN_POINT('',(6.08832571894814,-19.2958303787372,14.974648513705));
#436=CARTESIAN_POINT('',(5.25007163086319,-24.9729151893686,16.2328645142026));
#437=CARTESIAN_POINT('',(4.41181754277824,-30.65,17.4910805147003));
#438=CARTESIAN_POINT('',(4.18528953693549,0.0,12.7521009940571));
#439=CARTESIAN_POINT('',(4.33942158650408,-2.5989588944741,13.0737625373933));
#440=CARTESIAN_POINT('',(4.49355363607266,-5.19791778894821,13.3954240807295));
#441=CARTESIAN_POINT('',(4.38055612014485,-9.78081402640167,14.1173839424468));
#442=CARTESIAN_POINT('',(4.32400869639886,-11.029989722157,14.3249738045919));
#443=CARTESIAN_POINT('',(4.15246678732683,-13.7042381437566,14.7864812239024));
#444=CARTESIAN_POINT('',(4.03821636379544,-15.1202009898544,15.0380547086215));
#445=CARTESIAN_POINT('',(3.48672650064768,-20.9709933636101,16.0943690021095));
#446=CARTESIAN_POINT('',(2.86613168191188,-25.810496681805,17.006876573275));
#447=CARTESIAN_POINT('',(2.24553686317608,-30.65,17.9193841444405));
#448=CARTESIAN_POINT('',(2.05852184157696,0.0,13.1603185828457));
#449=CARTESIAN_POINT('',(2.33919081248142,-3.15754185404384,13.5887824308808));
#450=CARTESIAN_POINT('',(2.61985978338587,-6.31508370808769,14.0172462789159));
#451=CARTESIAN_POINT('',(2.68439697920621,-11.2139987044836,14.7719193951004));
#452=CARTESIAN_POINT('',(2.67326076841972,-12.504729742084,14.978100628259));
#453=CARTESIAN_POINT('',(2.59244564680594,-15.1788862530472,15.4155487253578));
#454=CARTESIAN_POINT('',(2.52310859284363,-16.5531961999285,15.6444798148395));
#455=CARTESIAN_POINT('',(2.145397254474,-22.0877686868588,16.5721668396927));
#456=CARTESIAN_POINT('',(1.64472816341339,-26.3688843434294,17.3064371886781));
#457=CARTESIAN_POINT('',(1.14405907235277,-30.65,18.0407075376635));
#458=CARTESIAN_POINT('',(-2.21312847443513,0.0,13.2637607792344));
#459=CARTESIAN_POINT('',(-1.67769789572378,-4.27470777318332,13.9713048148511));
#460=CARTESIAN_POINT('',(-1.14226731701243,-8.54941554636664,14.6788488504679));
#461=CARTESIAN_POINT('',(-0.720410344182268,-14.0803680606474,15.5862492464987));
#462=CARTESIAN_POINT('',(-0.640161540671362,-15.454209781938,15.8114384144121));
#463=CARTESIAN_POINT('',(-0.538397910611871,-18.1281824716285,16.2444182525434));
#464=CARTESIAN_POINT('',(-0.517345637057647,-19.4191866200768,16.4498897442779));
#465=CARTESIAN_POINT('',(-0.545249572357466,-24.3213193333561,17.2076230027734));
#466=CARTESIAN_POINT('',(-0.804379442932563,-27.485659666678,17.6508944855823));
#467=CARTESIAN_POINT('',(-1.06350931350767,-30.65,18.0941659683912));
#468=CARTESIAN_POINT('',(-4.35716249082704,0.0,12.9589648370512));
#469=CARTESIAN_POINT('',(-3.69360937562009,-4.83329073275306,13.8387892292124));
#470=CARTESIAN_POINT('',(-3.03005626041313,-9.66658146550611,14.7186136213735));
#471=CARTESIAN_POINT('',(-2.42855042228852,-15.5135527387293,15.7460313409989));
#472=CARTESIAN_POINT('',(-2.30236186743153,-16.928949801865,15.9916378972076));
#473=CARTESIAN_POINT('',(-2.10881437314064,-19.6028305809191,16.4442104476908));
#474=CARTESIAN_POINT('',(-2.04232019163076,-20.852181830151,16.6488655614698));
#475=CARTESIAN_POINT('',(-1.89433144860614,-25.4380946566047,17.3652756204578));
#476=CARTESIAN_POINT('',(-2.03194997634632,-28.0440473283024,17.6957879329321));
#477=CARTESIAN_POINT('',(-2.16956850408651,-30.65,18.0263002454063));
#478=CARTESIAN_POINT('',(-8.43074925986281,0.0,11.6691634781526));
#479=CARTESIAN_POINT('',(-7.53349338888117,-5.67116517210766,12.8838409251668));
#480=CARTESIAN_POINT('',(-6.63623751789954,-11.3423303442153,14.0985183721811));
#481=CARTESIAN_POINT('',(-5.70989978045821,-17.6633297558522,15.4078721039136));
#482=CARTESIAN_POINT('',(-5.50096194823834,-19.1410598317554,15.7095822492441));
#483=CARTESIAN_POINT('',(-5.14205935691282,-21.8148027448551,16.2424988816129));
#484=CARTESIAN_POINT('',(-4.9935626631257,-23.0016746452622,16.4714069351371));
#485=CARTESIAN_POINT('',(-4.52637630123938,-27.1132576414777,17.2277422215793));
#486=CARTESIAN_POINT('',(-4.44020886369592,-28.8816288207388,17.4655482985881));
#487=CARTESIAN_POINT('',(-4.35404142615246,-30.65,17.7033543755968));
#488=CARTESIAN_POINT('',(-10.3593363966834,0.0,10.6845300996797));
#489=CARTESIAN_POINT('',(-9.35661626821275,-5.95045665189253,12.0617345959363));
#490=CARTESIAN_POINT('',(-8.35389613974214,-11.9009133037851,13.438939092193));
#491=CARTESIAN_POINT('',(-7.28252998399871,-18.3799220948932,14.9101506470164));
#492=CARTESIAN_POINT('',(-7.03682127969207,-19.8784298417189,15.247531776818));
#493=CARTESIAN_POINT('',(-6.60442476342341,-22.5521267995004,15.8411693460095));
#494=CARTESIAN_POINT('',(-6.41940611924474,-23.7181722502993,16.0951315008793));
#495=CARTESIAN_POINT('',(-5.80906943254131,-27.671645303102,16.9326543488614));
#496=CARTESIAN_POINT('',(-5.62074333433923,-29.160822651551,17.1904677116731));
#497=CARTESIAN_POINT('',(-5.43241723613715,-30.65,17.4482810744847));
#498=CARTESIAN_POINT('',(-12.0763295894982,0.0,9.41284224891375));
#499=CARTESIAN_POINT('',(-10.9900904089716,-5.95045665189253,10.905886724057));
#500=CARTESIAN_POINT('',(-9.90385122844492,-11.9009133037851,12.3989311992002));
#501=CARTESIAN_POINT('',(-8.72112633662679,-18.3799220948932,14.0245960592058));
#502=CARTESIAN_POINT('',(-8.44757794830149,-19.8784298417189,14.4005905153029));
#503=CARTESIAN_POINT('',(-7.95950206399547,-22.5521267995004,15.0714547370855));
#504=CARTESIAN_POINT('',(-7.74664373579813,-23.7181722502993,15.3640302182509));
#505=CARTESIAN_POINT('',(-7.02494831302,-27.671645303102,16.3560063714151));
#506=CARTESIAN_POINT('',(-6.75310316276189,-29.160822651551,16.7296597131133));
#507=CARTESIAN_POINT('',(-6.48125801250379,-30.65,17.1033130548116));
#508=EDGE_LOOP('',(#880,#881,#882,#883));
#509=CARTESIAN_POINT('',(5.03055622601839,-30.3564201251895,16.9552007816245));
#510=CARTESIAN_POINT('',(5.03042608245499,-30.3563965034185,16.9539768177895));
#511=CARTESIAN_POINT('',(5.03029593889158,-30.3563728816476,16.9527528539545));
#512=CARTESIAN_POINT('',(5.03016579532818,-30.3563492598766,16.9515288901195));
#513=CARTESIAN_POINT('',(5.01715143898774,-30.3539870827818,16.8291325066206));
#514=CARTESIAN_POINT('',(4.94628908924991,-30.3484494431133,16.175749400912));
#515=CARTESIAN_POINT('',(4.8382090025922,-30.3448386025566,15.1879004454993));
#516=CARTESIAN_POINT('',(5.04518339843412,-30.3593268566233,16.9535893412735));
#517=CARTESIAN_POINT('',(5.04505320991857,-30.3593034687312,16.9523653913833));
#518=CARTESIAN_POINT('',(5.04492302140302,-30.3592800808392,16.9511414414931));
#519=CARTESIAN_POINT('',(5.04479283288748,-30.3592566929472,16.9499174916029));
#520=CARTESIAN_POINT('',(5.03177398133275,-30.3569179037444,16.8275225025838));
#521=CARTESIAN_POINT('',(4.96090053010877,-30.3514350921914,16.1741391126917));
#522=CARTESIAN_POINT('',(4.85281320196076,-30.3478600025313,15.1862915629691));
#523=CARTESIAN_POINT('',(6.50790064000688,-30.65,16.7924453061758));
#524=CARTESIAN_POINT('',(6.50776595627704,-30.65,16.7912227507653));
#525=CARTESIAN_POINT('',(6.50763127254721,-30.65,16.7900001953548));
#526=CARTESIAN_POINT('',(6.50749658881737,-30.65,16.7887776399443));
#527=CARTESIAN_POINT('',(6.49402821583388,-30.65,16.6665220988945));
#528=CARTESIAN_POINT('',(6.42204461599403,-30.65,16.0131102906589));
#529=CARTESIAN_POINT('',(6.31323313881737,-30.65,15.0254033099443));
#530=EDGE_LOOP('',(#884,#885,#886,#887));
#531=B_SPLINE_SURFACE_WITH_KNOTS('',3,3,((#888,#889,#890,#891,#892,#893),(#894,#895,#896,#897,#898,#899),(#900,#901,#902,#903,#904,#905),(#906,#907,#908,#909,#910,#911),(#912,#913,#914,#915,#916,#917)),.UNSPECIFIED.,.F.,.F.,.F.,(4,1,4),(4,1,1,4),(0.0,0.574933438762657,1.0),(0.0,0.575236038274189,0.651815924389579,1.0),.UNSPECIFIED.);
#532=EDGE_LOOP('',(#918,#919,#920,#921));
#533=CARTESIAN_POINT('',(-6.48586940145519,-30.6473238844499,17.1173335219044));
#534=CARTESIAN_POINT('',(-4.3864452814712,-30.648523288295,17.8080716314366));
#535=CARTESIAN_POINT('',(-2.16862684141276,-30.6479506246191,18.1357934550634));
#536=CARTESIAN_POINT('',(2.24989422702685,-30.6474357519917,18.0287144818284));
#537=CARTESIAN_POINT('',(4.44918484386085,-30.6473155215928,17.5938978204807));
#538=CARTESIAN_POINT('',(6.51278121329807,-30.6473238844499,16.802558465379));
#539=CARTESIAN_POINT('',(-6.48125801250379,-30.65,17.1033130548116));
#540=CARTESIAN_POINT('',(-4.38337773465499,-30.65,17.7933144556609));
#541=CARTESIAN_POINT('',(-2.16729350643788,-30.65,18.1208951837551));
#542=CARTESIAN_POINT('',(2.24784326528298,-30.65,18.0139783222996));
#543=CARTESIAN_POINT('',(4.44547385445298,-30.65,17.5795151667669));
#544=CARTESIAN_POINT('',(6.50749658881738,-30.65,16.7887776399443));
#545=CARTESIAN_POINT('',(-6.02011911736416,-30.9176115550086,15.7012663455272));
#546=CARTESIAN_POINT('',(-4.07662305303387,-30.7976711705035,16.3175968780875));
#547=CARTESIAN_POINT('',(-2.03396000894986,-30.854937538089,16.6310680529242));
#548=CARTESIAN_POINT('',(2.04274709089615,-30.9064248008315,16.5403623694135));
#549=CARTESIAN_POINT('',(4.07437491366576,-30.9184478407157,16.1412497953779));
#550=CARTESIAN_POINT('',(5.97903414074761,-30.9176115550086,15.4106950964782));
#551=EDGE_LOOP('',(#922,#923,#924,#925));
#552=AXIS2_PLACEMENT_3D('',#926,#927,#928);
#553=ORIENTED_EDGE('',*,*,#929,.F.);
#554=ORIENTED_EDGE('',*,*,#930,.T.);
#555=ORIENTED_EDGE('',*,*,#931,.T.);
#556=ORIENTED_EDGE('',*,*,#932,.F.);
#557=ORIENTED_EDGE('',*,*,#933,.F.);
#558=ORIENTED_EDGE('',*,*,#934,.T.);
#559=ORIENTED_EDGE('',*,*,#935,.T.);
#560=ORIENTED_EDGE('',*,*,#932,.T.);
#561=ORIENTED_EDGE('',*,*,#936,.F.);
#562=ORIENTED_EDGE('',*,*,#937,.T.);
#563=CARTESIAN_POINT('',(-7.49284473434921,-1.5,-4.19162687997569));
#564=DIRECTION('',(0.0,1.0,0.0));
#565=DIRECTION('',(0.0,-0.0,1.0));
#566=ORIENTED_EDGE('',*,*,#938,.F.);
#567=ORIENTED_EDGE('',*,*,#939,.F.);
#568=ORIENTED_EDGE('',*,*,#937,.F.);
#569=ORIENTED_EDGE('',*,*,#940,.F.);
#570=ORIENTED_EDGE('',*,*,#941,.T.);
#571=ORIENTED_EDGE('',*,*,#942,.T.);
#572=ORIENTED_EDGE('',*,*,#933,.T.);
#573=ORIENTED_EDGE('',*,*,#931,.F.);
#574=ORIENTED_EDGE('',*,*,#943,.T.);
#575=CARTESIAN_POINT('',(0.0,0.0,0.0));
#576=DIRECTION('',(-0.0,1.0,0.0));
#577=DIRECTION('',(1.0,0.0,0.0));
#578=ORIENTED_EDGE('',*,*,#944,.F.);
#579=ORIENTED_EDGE('',*,*,#945,.F.);
#580=ORIENTED_EDGE('',*,*,#934,.F.);
#581=ORIENTED_EDGE('',*,*,#942,.F.);
#582=CARTESIAN_POINT('',(11.72376368269,0.0433662047910927,8.83649967866563));
#583=DIRECTION('',(0.978705903889158,-0.190808995376545,-0.0756748371382471));
#584=DIRECTION('',(0.0770912199807492,0.0,0.997024043743118));
#585=ORIENTED_EDGE('',*,*,#946,.F.);
#586=ORIENTED_EDGE('',*,*,#943,.F.);
#587=ORIENTED_EDGE('',*,*,#930,.F.);
#588=ORIENTED_EDGE('',*,*,#947,.F.);
#589=CARTESIAN_POINT('',(-11.4962958856858,-1.5,-0.330555400779386));
#590=DIRECTION('',(0.984400911813485,0.173648177666931,0.0283046853671589));
#591=DIRECTION('',(0.0287413307628662,-6.02463140718833E-19,-0.999586882620005));
#592=ORIENTED_EDGE('',*,*,#948,.T.);
#593=ORIENTED_EDGE('',*,*,#944,.T.);
#594=ORIENTED_EDGE('',*,*,#941,.F.);
#595=ORIENTED_EDGE('',*,*,#946,.T.);
#596=CARTESIAN_POINT('',(-0.546286942471376,-1.5,-6.15466099166985));
#597=DIRECTION('',(0.0,1.0,0.0));
#598=DIRECTION('',(0.0,-0.0,1.0));
#599=ORIENTED_EDGE('',*,*,#949,.F.);
#600=ORIENTED_EDGE('',*,*,#940,.T.);
#601=CARTESIAN_POINT('',(6.50235781530859,-1.5,-4.55810415628592));
#602=DIRECTION('',(0.0,1.0,0.0));
#603=DIRECTION('',(0.0,-0.0,1.0));
#604=ORIENTED_EDGE('',*,*,#950,.F.);
#605=ORIENTED_EDGE('',*,*,#939,.T.);
#606=CARTESIAN_POINT('',(6.86657969980914,-1.5,3.7839484939226));
#607=DIRECTION('',(0.0,1.0,0.0));
#608=DIRECTION('',(0.0,-0.0,1.0));
#609=ORIENTED_EDGE('',*,*,#951,.F.);
#610=ORIENTED_EDGE('',*,*,#938,.T.);
#611=CARTESIAN_POINT('',(-7.12862284984866,-1.5,4.15042577023283));
#612=DIRECTION('',(0.0,1.0,0.0));
#613=DIRECTION('',(0.0,-0.0,1.0));
#614=ORIENTED_EDGE('',*,*,#951,.T.);
#615=ORIENTED_EDGE('',*,*,#950,.T.);
#616=ORIENTED_EDGE('',*,*,#936,.T.);
#617=ORIENTED_EDGE('',*,*,#949,.T.);
#618=ORIENTED_EDGE('',*,*,#935,.F.);
#619=ORIENTED_EDGE('',*,*,#945,.T.);
#620=ORIENTED_EDGE('',*,*,#948,.F.);
#621=ORIENTED_EDGE('',*,*,#947,.T.);
#622=ORIENTED_EDGE('',*,*,#929,.T.);
#623=CARTESIAN_POINT('',(0.0,-1.5,0.0));
#624=DIRECTION('',(-0.0,1.0,0.0));
#625=DIRECTION('',(1.0,0.0,0.0));
#626=ORIENTED_EDGE('',*,*,#952,.F.);
#627=ORIENTED_EDGE('',*,*,#953,.F.);
#628=ORIENTED_EDGE('',*,*,#954,.F.);
#629=ORIENTED_EDGE('',*,*,#955,.T.);
#630=ORIENTED_EDGE('',*,*,#956,.F.);
#631=CARTESIAN_POINT('',(0.0,-1.5,0.0));
#632=DIRECTION('',(-0.0,1.0,0.0));
#633=DIRECTION('',(1.0,0.0,0.0));
#634=ORIENTED_EDGE('',*,*,#957,.T.);
#635=ORIENTED_EDGE('',*,*,#958,.T.);
#636=ORIENTED_EDGE('',*,*,#959,.T.);
#637=ORIENTED_EDGE('',*,*,#960,.T.);
#638=ORIENTED_EDGE('',*,*,#961,.F.);
#639=ORIENTED_EDGE('',*,*,#962,.F.);
#640=ORIENTED_EDGE('',*,*,#963,.T.);
#641=ORIENTED_EDGE('',*,*,#964,.T.);
#642=ORIENTED_EDGE('',*,*,#959,.F.);
#643=ORIENTED_EDGE('',*,*,#965,.F.);
#644=ORIENTED_EDGE('',*,*,#966,.F.);
#645=ORIENTED_EDGE('',*,*,#952,.T.);
#646=ORIENTED_EDGE('',*,*,#967,.F.);
#647=ORIENTED_EDGE('',*,*,#963,.F.);
#648=CARTESIAN_POINT('',(-11.8393074948564,0.0,1.16951563854192));
#649=CARTESIAN_POINT('',(-10.9281855602306,-5.10833333333334,3.53003013228072));
#650=CARTESIAN_POINT('',(-9.8805166262177,-10.9822366326918,6.2443075625494));
#651=CARTESIAN_POINT('',(-8.05827275696618,-21.1989032993585,10.965336550027));
#652=CARTESIAN_POINT('',(-7.14715082234042,-26.3072366326918,13.3258510437658));
#653=CARTESIAN_POINT('',(-6.37257588710185,-30.65,15.3326026009747));
#654=CARTESIAN_POINT('',(-11.8683388785695,0.0,2.17919019339737));
#655=CARTESIAN_POINT('',(-10.9085516534303,-5.36071367517173,4.47132124426311));
#656=CARTESIAN_POINT('',(-9.80492411377085,-11.5248207701487,7.10696681860092));
#657=CARTESIAN_POINT('',(-7.98233739405039,-21.7149459019784,11.5579185059576));
#658=CARTESIAN_POINT('',(-7.11953789946913,-26.5443573586364,13.7167391424485));
#659=CARTESIAN_POINT('',(-6.38604347107117,-30.65,15.5520240710113));
#660=CARTESIAN_POINT('',(-11.9263411396639,0.0,4.1964349699384));
#661=CARTESIAN_POINT('',(-10.8693247602245,-5.86494835537323,6.35194165776141));
#662=CARTESIAN_POINT('',(-9.6538966365053,-12.6088582076135,8.83048740237339));
#663=CARTESIAN_POINT('',(-7.83062493040553,-22.7459555868334,12.7418473764286));
#664=CARTESIAN_POINT('',(-7.06436960374519,-27.01810461068,14.4977006626608));
#665=CARTESIAN_POINT('',(-6.41295057027861,-30.65,15.9904096994928));
#666=CARTESIAN_POINT('',(-11.9767106212252,0.0,5.94822139445801));
#667=CARTESIAN_POINT('',(-10.8188816420546,-6.3782602131899,7.96151158039459));
#668=CARTESIAN_POINT('',(-9.48753244906737,-13.7124103685745,10.2765272800498));
#669=CARTESIAN_POINT('',(-7.65989715189948,-23.7955253953765,13.6323165857637));
#670=CARTESIAN_POINT('',(-6.99009083390217,-27.5003802089886,14.974815705541));
#671=CARTESIAN_POINT('',(-6.42066629732984,-30.65,16.1161186741568));
#672=CARTESIAN_POINT('',(-12.0145555168922,0.0,7.26441867130049));
#673=CARTESIAN_POINT('',(-10.7678786307812,-6.84750924304335,9.22691056466571));
#674=CARTESIAN_POINT('',(-9.33436617246572,-14.7212333151674,11.4835149902583));
#675=CARTESIAN_POINT('',(-7.50936368028036,-24.754999849205,14.4898445763275));
#676=CARTESIAN_POINT('',(-6.93103807420605,-27.9412571401993,15.5336822690314));
#677=CARTESIAN_POINT('',(-6.43938432090701,-30.65,16.4210832660865));
#678=CARTESIAN_POINT('',(-12.0433638155166,0.0,8.26633461086124));
#679=CARTESIAN_POINT('',(-10.7163005885051,-7.2851441859052,10.2417730329412));
#680=CARTESIAN_POINT('',(-9.19035453938264,-15.6620901832737,12.5132642430819));
#681=CARTESIAN_POINT('',(-7.37275894551667,-25.6498329145174,15.3143227033766));
#682=CARTESIAN_POINT('',(-6.88222657866221,-28.3524314598559,16.1399427415913));
#683=CARTESIAN_POINT('',(-6.46520876595333,-30.65,16.8418296826563));
#684=CARTESIAN_POINT('',(-12.0651390646162,0.0,9.0236500443503));
#685=CARTESIAN_POINT('',(-10.6579814753125,-7.7137019511519,11.0091865183019));
#686=CARTESIAN_POINT('',(-9.03993757191401,-16.5834323278838,13.2922891438173));
#687=CARTESIAN_POINT('',(-7.22684454741125,-26.5261058561417,15.8871742020037));
#688=CARTESIAN_POINT('',(-6.82090911221215,-28.7550774332476,16.4965227862385));
#689=CARTESIAN_POINT('',(-6.4758099531632,-30.65,17.0145502008295));
#690=CARTESIAN_POINT('',(-12.0763295894982,0.0,9.41284224891375));
#691=CARTESIAN_POINT('',(-10.6280106821293,-7.93394220252339,11.4035682157714));
#692=CARTESIAN_POINT('',(-8.96263674245226,-17.0569195494052,13.6926380672906));
#693=CARTESIAN_POINT('',(-7.15185763473929,-26.9764315498606,16.1815684897458));
#694=CARTESIAN_POINT('',(-6.78939743439516,-28.9620013477926,16.6797729453435));
#695=CARTESIAN_POINT('',(-6.48125801250379,-30.65,17.1033130548116));
#696=ORIENTED_EDGE('',*,*,#958,.F.);
#697=ORIENTED_EDGE('',*,*,#953,.T.);
#698=ORIENTED_EDGE('',*,*,#966,.T.);
#699=ORIENTED_EDGE('',*,*,#965,.T.);
#700=ORIENTED_EDGE('',*,*,#968,.F.);
#701=ORIENTED_EDGE('',*,*,#960,.F.);
#702=ORIENTED_EDGE('',*,*,#964,.F.);
#703=ORIENTED_EDGE('',*,*,#967,.T.);
#704=ORIENTED_EDGE('',*,*,#956,.T.);
#705=ORIENTED_EDGE('',*,*,#957,.F.);
#706=ORIENTED_EDGE('',*,*,#962,.T.);
#707=ORIENTED_EDGE('',*,*,#961,.T.);
#708=ORIENTED_EDGE('',*,*,#969,.T.);
#709=ORIENTED_EDGE('',*,*,#954,.T.);
#710=CARTESIAN_POINT('',(-11.4962958856858,-1.5,-0.330555400779386));
#711=DIRECTION('',(0.984400911813485,0.173648177666931,0.0283046853671589));
#712=DIRECTION('',(0.0287413307628662,-6.02463140718833E-19,-0.999586882620005));
#713=ORIENTED_EDGE('',*,*,#968,.T.);
#714=ORIENTED_EDGE('',*,*,#955,.F.);
#715=ORIENTED_EDGE('',*,*,#969,.F.);
#716=CARTESIAN_POINT('',(-0.546286942471376,-1.5,-6.15466099166985));
#717=DIRECTION('',(0.0,1.0,0.0));
#718=DIRECTION('',(0.0,-0.0,1.0));
#719=ORIENTED_EDGE('',*,*,#970,.F.);
#720=ORIENTED_EDGE('',*,*,#971,.F.);
#721=ORIENTED_EDGE('',*,*,#972,.T.);
#722=CARTESIAN_POINT('',(4.8049261287433,-30.9166042561997,15.8145695938587));
#723=DIRECTION('',(0.50914849427315,-0.288885503509686,-0.810748405265986));
#724=DIRECTION('',(-0.153636101105205,-0.957363653927783,0.244644195874817));
#725=ORIENTED_EDGE('',*,*,#973,.F.);
#726=ORIENTED_EDGE('',*,*,#974,.T.);
#727=ORIENTED_EDGE('',*,*,#971,.T.);
#728=ORIENTED_EDGE('',*,*,#975,.F.);
#729=ORIENTED_EDGE('',*,*,#976,.F.);
#730=CARTESIAN_POINT('',(11.72376368269,0.0,8.83649967866564));
#731=CARTESIAN_POINT('',(11.4715800632065,-1.48179297533463,9.22095741507448));
#732=CARTESIAN_POINT('',(11.219396443723,-2.96358595066926,9.60541515148332));
#733=CARTESIAN_POINT('',(10.5470070691251,-6.91444467023784,10.63048290756));
#734=CARTESIAN_POINT('',(10.3485566106667,-8.080509682303,10.9330236285018));
#735=CARTESIAN_POINT('',(9.89339990909124,-10.7549419251753,11.6269168938827));
#736=CARTESIAN_POINT('',(9.63824213762825,-12.2542105697061,12.0159087699003));
#737=CARTESIAN_POINT('',(8.53487278975042,-18.7374427171128,13.6980120039517));
#738=CARTESIAN_POINT('',(7.5211846892839,-24.6937213585564,15.243394821948));
#739=CARTESIAN_POINT('',(6.50749658881738,-30.65,16.7887776399443));
#740=CARTESIAN_POINT('',(10.0703372837633,0.0,10.1898055410966));
#741=CARTESIAN_POINT('',(9.89596775127605,-1.48179297533463,10.4545164586345));
#742=CARTESIAN_POINT('',(9.72159821878884,-2.96358595066926,10.7192273761724));
#743=CARTESIAN_POINT('',(9.15296096018601,-6.91444467023784,11.5846327070878));
#744=CARTESIAN_POINT('',(8.98044853072632,-8.080509682303,11.8472578217392));
#745=CARTESIAN_POINT('',(8.57716788714842,-10.7549419251753,12.4613198745395));
#746=CARTESIAN_POINT('',(8.3479481446842,-12.2542105697061,12.8103961442667));
#747=CARTESIAN_POINT('',(7.34833091280143,-18.7374427171128,14.3328369531568));
#748=CARTESIAN_POINT('',(6.41245689933122,-24.6937213585564,15.7584729522822));
#749=CARTESIAN_POINT('',(5.47658288586099,-30.65,17.1841089514075));
#750=CARTESIAN_POINT('',(8.19167049603147,0.0,11.2666353024731));
#751=CARTESIAN_POINT('',(8.11822648575987,-1.7610844551195,11.5064459848229));
#752=CARTESIAN_POINT('',(8.04478247548828,-3.522168910239,11.7462566671726));
#753=CARTESIAN_POINT('',(7.61512198815642,-7.6310370092788,12.5236167752714));
#754=CARTESIAN_POINT('',(7.47786751902571,-8.81787969226649,12.759437112917));
#755=CARTESIAN_POINT('',(7.14505497687539,-11.4922659798206,13.3092685795864));
#756=CARTESIAN_POINT('',(6.95084427304493,-12.9707081747431,13.6209231891824));
#757=CARTESIAN_POINT('',(6.08832571894814,-19.2958303787372,14.974648513705));
#758=CARTESIAN_POINT('',(5.25007163086319,-24.9729151893686,16.2328645142026));
#759=CARTESIAN_POINT('',(4.41181754277824,-30.65,17.4910805147003));
#760=CARTESIAN_POINT('',(4.18528953693549,0.0,12.7521009940571));
#761=CARTESIAN_POINT('',(4.33942158650408,-2.5989588944741,13.0737625373933));
#762=CARTESIAN_POINT('',(4.49355363607266,-5.19791778894821,13.3954240807295));
#763=CARTESIAN_POINT('',(4.38055612014485,-9.78081402640167,14.1173839424468));
#764=CARTESIAN_POINT('',(4.32400869639886,-11.029989722157,14.3249738045919));
#765=CARTESIAN_POINT('',(4.15246678732683,-13.7042381437566,14.7864812239024));
#766=CARTESIAN_POINT('',(4.03821636379544,-15.1202009898544,15.0380547086215));
#767=CARTESIAN_POINT('',(3.48672650064768,-20.9709933636101,16.0943690021095));
#768=CARTESIAN_POINT('',(2.86613168191188,-25.810496681805,17.006876573275));
#769=CARTESIAN_POINT('',(2.24553686317608,-30.65,17.9193841444405));
#770=CARTESIAN_POINT('',(2.05852184157696,0.0,13.1603185828457));
#771=CARTESIAN_POINT('',(2.33919081248142,-3.15754185404384,13.5887824308808));
#772=CARTESIAN_POINT('',(2.61985978338587,-6.31508370808769,14.0172462789159));
#773=CARTESIAN_POINT('',(2.68439697920621,-11.2139987044836,14.7719193951004));
#774=CARTESIAN_POINT('',(2.67326076841972,-12.504729742084,14.978100628259));
#775=CARTESIAN_POINT('',(2.59244564680594,-15.1788862530472,15.4155487253578));
#776=CARTESIAN_POINT('',(2.52310859284363,-16.5531961999285,15.6444798148395));
#777=CARTESIAN_POINT('',(2.145397254474,-22.0877686868588,16.5721668396927));
#778=CARTESIAN_POINT('',(1.64472816341339,-26.3688843434294,17.3064371886781));
#779=CARTESIAN_POINT('',(1.14405907235277,-30.65,18.0407075376635));
#780=CARTESIAN_POINT('',(-2.21312847443513,0.0,13.2637607792344));
#781=CARTESIAN_POINT('',(-1.67769789572378,-4.27470777318332,13.9713048148511));
#782=CARTESIAN_POINT('',(-1.14226731701243,-8.54941554636664,14.6788488504679));
#783=CARTESIAN_POINT('',(-0.720410344182268,-14.0803680606474,15.5862492464987));
#784=CARTESIAN_POINT('',(-0.640161540671362,-15.454209781938,15.8114384144121));
#785=CARTESIAN_POINT('',(-0.538397910611871,-18.1281824716285,16.2444182525434));
#786=CARTESIAN_POINT('',(-0.517345637057647,-19.4191866200768,16.4498897442779));
#787=CARTESIAN_POINT('',(-0.545249572357466,-24.3213193333561,17.2076230027734));
#788=CARTESIAN_POINT('',(-0.804379442932563,-27.485659666678,17.6508944855823));
#789=CARTESIAN_POINT('',(-1.06350931350767,-30.65,18.0941659683912));
#790=CARTESIAN_POINT('',(-4.35716249082704,0.0,12.9589648370512));
#791=CARTESIAN_POINT('',(-3.69360937562009,-4.83329073275306,13.8387892292124));
#792=CARTESIAN_POINT('',(-3.03005626041313,-9.66658146550611,14.7186136213735));
#793=CARTESIAN_POINT('',(-2.42855042228852,-15.5135527387293,15.7460313409989));
#794=CARTESIAN_POINT('',(-2.30236186743153,-16.928949801865,15.9916378972076));
#795=CARTESIAN_POINT('',(-2.10881437314064,-19.6028305809191,16.4442104476908));
#796=CARTESIAN_POINT('',(-2.04232019163076,-20.852181830151,16.6488655614698));
#797=CARTESIAN_POINT('',(-1.89433144860614,-25.4380946566047,17.3652756204578));
#798=CARTESIAN_POINT('',(-2.03194997634632,-28.0440473283024,17.6957879329321));
#799=CARTESIAN_POINT('',(-2.16956850408651,-30.65,18.0263002454063));
#800=CARTESIAN_POINT('',(-8.43074925986281,0.0,11.6691634781526));
#801=CARTESIAN_POINT('',(-7.53349338888117,-5.67116517210766,12.8838409251668));
#802=CARTESIAN_POINT('',(-6.63623751789954,-11.3423303442153,14.0985183721811));
#803=CARTESIAN_POINT('',(-5.70989978045821,-17.6633297558522,15.4078721039136));
#804=CARTESIAN_POINT('',(-5.50096194823834,-19.1410598317554,15.7095822492441));
#805=CARTESIAN_POINT('',(-5.14205935691282,-21.8148027448551,16.2424988816129));
#806=CARTESIAN_POINT('',(-4.9935626631257,-23.0016746452622,16.4714069351371));
#807=CARTESIAN_POINT('',(-4.52637630123938,-27.1132576414777,17.2277422215793));
#808=CARTESIAN_POINT('',(-4.44020886369592,-28.8816288207388,17.4655482985881));
#809=CARTESIAN_POINT('',(-4.35404142615246,-30.65,17.7033543755968));
#810=CARTESIAN_POINT('',(-10.3593363966834,0.0,10.6845300996797));
#811=CARTESIAN_POINT('',(-9.35661626821275,-5.95045665189253,12.0617345959363));
#812=CARTESIAN_POINT('',(-8.35389613974214,-11.9009133037851,13.438939092193));
#813=CARTESIAN_POINT('',(-7.28252998399871,-18.3799220948932,14.9101506470164));
#814=CARTESIAN_POINT('',(-7.03682127969207,-19.8784298417189,15.247531776818));
#815=CARTESIAN_POINT('',(-6.60442476342341,-22.5521267995004,15.8411693460095));
#816=CARTESIAN_POINT('',(-6.41940611924474,-23.7181722502993,16.0951315008793));
#817=CARTESIAN_POINT('',(-5.80906943254131,-27.671645303102,16.9326543488614));
#818=CARTESIAN_POINT('',(-5.62074333433923,-29.160822651551,17.1904677116731));
#819=CARTESIAN_POINT('',(-5.43241723613715,-30.65,17.4482810744847));
#820=CARTESIAN_POINT('',(-12.0763295894982,0.0,9.41284224891375));
#821=CARTESIAN_POINT('',(-10.9900904089716,-5.95045665189253,10.905886724057));
#822=CARTESIAN_POINT('',(-9.90385122844492,-11.9009133037851,12.3989311992002));
#823=CARTESIAN_POINT('',(-8.72112633662679,-18.3799220948932,14.0245960592058));
#824=CARTESIAN_POINT('',(-8.44757794830149,-19.8784298417189,14.4005905153029));
#825=CARTESIAN_POINT('',(-7.95950206399547,-22.5521267995004,15.0714547370855));
#826=CARTESIAN_POINT('',(-7.74664373579813,-23.7181722502993,15.3640302182509));
#827=CARTESIAN_POINT('',(-7.02494831302,-27.671645303102,16.3560063714151));
#828=CARTESIAN_POINT('',(-6.75310316276189,-29.160822651551,16.7296597131133));
#829=CARTESIAN_POINT('',(-6.48125801250379,-30.65,17.1033130548116));
#830=ORIENTED_EDGE('',*,*,#977,.F.);
#831=ORIENTED_EDGE('',*,*,#978,.T.);
#832=ORIENTED_EDGE('',*,*,#976,.T.);
#833=ORIENTED_EDGE('',*,*,#979,.T.);
#834=ORIENTED_EDGE('',*,*,#980,.F.);
#835=ORIENTED_EDGE('',*,*,#981,.F.);
#836=ORIENTED_EDGE('',*,*,#981,.T.);
#837=ORIENTED_EDGE('',*,*,#982,.T.);
#838=CARTESIAN_POINT('',(-11.4962958856858,-1.5,-0.330555400779386));
#839=DIRECTION('',(0.984400911813485,0.173648177666931,0.0283046853671589));
#840=DIRECTION('',(0.0287413307628662,-6.02463140718833E-19,-0.999586882620005));
#841=ORIENTED_EDGE('',*,*,#977,.T.);
#842=ORIENTED_EDGE('',*,*,#982,.F.);
#843=ORIENTED_EDGE('',*,*,#983,.T.);
#844=ORIENTED_EDGE('',*,*,#984,.F.);
#845=ORIENTED_EDGE('',*,*,#985,.F.);
#846=CARTESIAN_POINT('',(-0.546286942471376,-1.5,-6.15466099166985));
#847=DIRECTION('',(0.0,1.0,0.0));
#848=DIRECTION('',(0.0,-0.0,1.0));
#849=ORIENTED_EDGE('',*,*,#986,.F.);
#850=ORIENTED_EDGE('',*,*,#987,.T.);
#851=ORIENTED_EDGE('',*,*,#988,.F.);
#852=ORIENTED_EDGE('',*,*,#989,.T.);
#853=ORIENTED_EDGE('',*,*,#990,.T.);
#854=ORIENTED_EDGE('',*,*,#991,.T.);
#855=ORIENTED_EDGE('',*,*,#992,.T.);
#856=ORIENTED_EDGE('',*,*,#984,.T.);
#857=ORIENTED_EDGE('',*,*,#988,.T.);
#858=ORIENTED_EDGE('',*,*,#987,.F.);
#859=CARTESIAN_POINT('',(11.72376368269,0.0433662047910927,8.83649967866563));
#860=DIRECTION('',(0.978705903889158,-0.190808995376545,-0.0756748371382471));
#861=DIRECTION('',(0.0770912199807492,0.0,0.997024043743118));
#862=ORIENTED_EDGE('',*,*,#993,.T.);
#863=ORIENTED_EDGE('',*,*,#994,.T.);
#864=ORIENTED_EDGE('',*,*,#991,.F.);
#865=ORIENTED_EDGE('',*,*,#995,.F.);
#866=ORIENTED_EDGE('',*,*,#986,.T.);
#867=ORIENTED_EDGE('',*,*,#994,.F.);
#868=ORIENTED_EDGE('',*,*,#996,.F.);
#869=ORIENTED_EDGE('',*,*,#973,.T.);
#870=ORIENTED_EDGE('',*,*,#978,.F.);
#871=ORIENTED_EDGE('',*,*,#985,.T.);
#872=ORIENTED_EDGE('',*,*,#992,.F.);
#873=CARTESIAN_POINT('',(0.0,-1.5,0.0));
#874=DIRECTION('',(-0.0,1.0,0.0));
#875=DIRECTION('',(1.0,0.0,0.0));
#876=ORIENTED_EDGE('',*,*,#980,.T.);
#877=ORIENTED_EDGE('',*,*,#997,.T.);
#878=ORIENTED_EDGE('',*,*,#989,.F.);
#879=ORIENTED_EDGE('',*,*,#983,.F.);
#880=ORIENTED_EDGE('',*,*,#972,.F.);
#881=ORIENTED_EDGE('',*,*,#998,.T.);
#882=ORIENTED_EDGE('',*,*,#995,.T.);
#883=ORIENTED_EDGE('',*,*,#990,.F.);
#884=ORIENTED_EDGE('',*,*,#974,.F.);
#885=ORIENTED_EDGE('',*,*,#996,.T.);
#886=ORIENTED_EDGE('',*,*,#993,.F.);
#887=ORIENTED_EDGE('',*,*,#998,.F.);
#888=CARTESIAN_POINT('',(6.31323313881737,-30.65,15.0254033099443));
#889=CARTESIAN_POINT('',(7.94003473833749,-20.1700970168567,10.1115307512848));
#890=CARTESIAN_POINT('',(9.78340879322278,-8.29502800872443,4.54348533854505));
#891=CARTESIAN_POINT('',(11.026182748377,-0.289042224208318,0.78959621239285));
#892=CARTESIAN_POINT('',(11.0568390850345,-0.0915532162802978,0.696996517695728));
#893=CARTESIAN_POINT('',(11.0819684491109,0.0703308743314736,0.621091445690737));
#894=CARTESIAN_POINT('',(6.37105568543,-30.65,15.5502719581225));
#895=CARTESIAN_POINT('',(7.98014058422817,-20.4275125991584,11.0879687524218));
#896=CARTESIAN_POINT('',(9.80343935368307,-8.84412833357747,6.03160910976681));
#897=CARTESIAN_POINT('',(11.0655593483943,-0.818981698076648,2.53176982435688));
#898=CARTESIAN_POINT('',(11.1421679664884,-0.337678010989354,2.34699291400692));
#899=CARTESIAN_POINT('',(11.2049649626519,0.0568523505212808,2.19552908109851));
#900=CARTESIAN_POINT('',(6.47162827821061,-30.65,16.4631926769241));
#901=CARTESIAN_POINT('',(8.04989795645025,-20.8752437014852,12.7863183965797));
#902=CARTESIAN_POINT('',(9.83827914401324,-9.79919597764207,8.61995007393901));
#903=CARTESIAN_POINT('',(11.1340483200954,-1.74072226513922,5.56198774960656));
#904=CARTESIAN_POINT('',(11.2905832015417,-0.765770687662951,5.21688407890807));
#905=CARTESIAN_POINT('',(11.4188967071783,0.0334087257441229,4.93399849209014));
#906=CARTESIAN_POINT('',(6.49679784683456,-30.65,16.691662680976));
#907=CARTESIAN_POINT('',(8.05871048347895,-21.3229748038118,13.9314575651702));
#908=CARTESIAN_POINT('',(9.82855705311414,-10.7542636217067,10.8037925209883));
#909=CARTESIAN_POINT('',(11.1831097519527,-2.6624628322018,8.4158573959832));
#910=CARTESIAN_POINT('',(11.4302470591734,-1.19386336433654,8.00733696400391));
#911=CARTESIAN_POINT('',(11.6328284517047,0.00996510096696505,7.67246790308177));
#912=CARTESIAN_POINT('',(6.50749658881737,-30.65,16.7887776399443));
#913=CARTESIAN_POINT('',(8.06245639403884,-21.5132903238369,14.4182179337011));
#914=CARTESIAN_POINT('',(9.82442451736763,-11.1602309409183,11.7320709202397));
#915=CARTESIAN_POINT('',(11.2039641260817,-3.05426392539605,9.62894195278816));
#916=CARTESIAN_POINT('',(11.4896134948662,-1.37583124630108,9.19346517616642));
#917=CARTESIAN_POINT('',(11.72376368269,0.0,8.83649967866564));
#918=ORIENTED_EDGE('',*,*,#979,.F.);
#919=ORIENTED_EDGE('',*,*,#975,.T.);
#920=ORIENTED_EDGE('',*,*,#970,.T.);
#921=ORIENTED_EDGE('',*,*,#997,.F.);
#922=ORIENTED_EDGE('',*,*,#999,.T.);
#923=ORIENTED_EDGE('',*,*,#1000,.T.);
#924=ORIENTED_EDGE('',*,*,#1001,.T.);
#925=ORIENTED_EDGE('',*,*,#1002,.T.);
#926=CARTESIAN_POINT('',(-0.428699588656053,-30.65,-1.29888574114512));
#927=DIRECTION('',(0.0,1.0,0.0));
#928=DIRECTION('',(0.0,-0.0,1.0));
#929=EDGE_CURVE('',#1003,#1004,#1005,.T.);
#930=EDGE_CURVE('',#1003,#1006,#1007,.T.);
#931=EDGE_CURVE('',#1006,#1008,#1009,.T.);
#932=EDGE_CURVE('',#1004,#1008,#1010,.T.);
#933=EDGE_CURVE('',#1011,#1008,#1012,.T.);
#934=EDGE_CURVE('',#1011,#1013,#1014,.T.);
#935=EDGE_CURVE('',#1013,#1004,#1015,.T.);
#936=EDGE_CURVE('',#1016,#1016,#1017,.T.);
#937=EDGE_CURVE('',#1018,#1018,#1019,.T.);
#938=EDGE_CURVE('',#1020,#1020,#1021,.T.);
#939=EDGE_CURVE('',#1022,#1022,#1023,.T.);
#940=EDGE_CURVE('',#1024,#1024,#1025,.T.);
#941=EDGE_CURVE('',#1026,#1027,#1028,.T.);
#942=EDGE_CURVE('',#1027,#1011,#1029,.T.);
#943=EDGE_CURVE('',#1006,#1026,#1030,.F.);
#944=EDGE_CURVE('',#1031,#1027,#1032,.F.);
#945=EDGE_CURVE('',#1013,#1031,#1033,.T.);
#946=EDGE_CURVE('',#1026,#1034,#1035,.T.);
#947=EDGE_CURVE('',#1034,#1003,#1036,.T.);
#948=EDGE_CURVE('',#1034,#1031,#1037,.T.);
#949=EDGE_CURVE('',#1038,#1038,#1039,.T.);
#950=EDGE_CURVE('',#1040,#1040,#1041,.T.);
#951=EDGE_CURVE('',#1042,#1042,#1043,.T.);
#952=EDGE_CURVE('',#1044,#1045,#1046,.T.);
#953=EDGE_CURVE('',#1047,#1044,#1048,.T.);
#954=EDGE_CURVE('',#1049,#1047,#1050,.T.);
#955=EDGE_CURVE('',#1049,#1051,#1052,.T.);
#956=EDGE_CURVE('',#1045,#1051,#1053,.T.);
#957=EDGE_CURVE('',#1054,#1047,#1055,.T.);
#958=EDGE_CURVE('',#1047,#1056,#1057,.T.);
#959=EDGE_CURVE('',#1056,#1058,#1059,.T.);
#960=EDGE_CURVE('',#1058,#1060,#1061,.T.);
#961=EDGE_CURVE('',#1062,#1060,#1063,.T.);
#962=EDGE_CURVE('',#1054,#1062,#1064,.T.);
#963=EDGE_CURVE('',#1065,#1066,#1067,.T.);
#964=EDGE_CURVE('',#1066,#1058,#1068,.T.);
#965=EDGE_CURVE('',#1065,#1056,#1069,.T.);
#966=EDGE_CURVE('',#1044,#1065,#1070,.T.);
#967=EDGE_CURVE('',#1066,#1045,#1071,.T.);
#968=EDGE_CURVE('',#1060,#1051,#1072,.T.);
#969=EDGE_CURVE('',#1060,#1049,#1073,.T.);
#970=EDGE_CURVE('',#1074,#1075,#1076,.F.);
#971=EDGE_CURVE('',#1077,#1074,#1078,.T.);
#972=EDGE_CURVE('',#1077,#1075,#1079,.F.);
#973=EDGE_CURVE('',#1080,#1081,#1082,.T.);
#974=EDGE_CURVE('',#1080,#1077,#1083,.F.);
#975=EDGE_CURVE('',#1084,#1074,#1085,.T.);
#976=EDGE_CURVE('',#1081,#1084,#1086,.T.);
#977=EDGE_CURVE('',#1087,#1088,#1089,.T.);
#978=EDGE_CURVE('',#1087,#1081,#1090,.T.);
#979=EDGE_CURVE('',#1084,#1091,#1092,.T.);
#980=EDGE_CURVE('',#1093,#1091,#1094,.T.);
#981=EDGE_CURVE('',#1088,#1093,#1095,.T.);
#982=EDGE_CURVE('',#1093,#1088,#1096,.T.);
#983=EDGE_CURVE('',#1093,#1097,#1098,.T.);
#984=EDGE_CURVE('',#1099,#1097,#1100,.F.);
#985=EDGE_CURVE('',#1087,#1099,#1101,.T.);
#986=EDGE_CURVE('',#1102,#1103,#1104,.T.);
#987=EDGE_CURVE('',#1102,#1105,#1106,.T.);
#988=EDGE_CURVE('',#1097,#1105,#1107,.T.);
#989=EDGE_CURVE('',#1097,#1075,#1108,.T.);
#990=EDGE_CURVE('',#1075,#1109,#1110,.T.);
#991=EDGE_CURVE('',#1109,#1103,#1111,.T.);
#992=EDGE_CURVE('',#1102,#1099,#1112,.T.);
#993=EDGE_CURVE('',#1113,#1114,#1115,.T.);
#994=EDGE_CURVE('',#1114,#1103,#1116,.T.);
#995=EDGE_CURVE('',#1113,#1109,#1117,.T.);
#996=EDGE_CURVE('',#1080,#1114,#1118,.T.);
#997=EDGE_CURVE('',#1091,#1075,#1119,.T.);
#998=EDGE_CURVE('',#1077,#1113,#1120,.T.);
#999=EDGE_CURVE('',#1121,#1122,#1123,.T.);
#1000=EDGE_CURVE('',#1122,#1124,#1125,.T.);
#1001=EDGE_CURVE('',#1124,#1126,#1127,.T.);
#1002=EDGE_CURVE('',#1126,#1121,#1128,.T.);
#1003=VERTEX_POINT('',#1129);
#1004=VERTEX_POINT('',#1130);
#1005=B_SPLINE_CURVE_WITH_KNOTS('',3,(#1131,#1132,#1133,#1134,#1135,#1136,#1137),.UNSPECIFIED.,.F.,.F.,(4,1,1,1,4),(0.425903014974318,1.16999413438283,2.40123693822093,3.60934671526662,4.70812097463829),.UNSPECIFIED.);
#1006=VERTEX_POINT('',#1138);
#1007=B_SPLINE_CURVE_WITH_KNOTS('',3,(#1139,#1140,#1141,#1142),.UNSPECIFIED.,.F.,.F.,(4,4),(4.87196835369761E-16,0.00179131867239291),.UNSPECIFIED.);
#1008=VERTEX_POINT('',#1143);
#1009=B_SPLINE_CURVE_WITH_KNOTS('',3,(#1144,#1145,#1146,#1147,#1148,#1149,#1150),.UNSPECIFIED.,.F.,.F.,(4,1,1,1,4),(0.0538655856766646,1.16999413438283,2.40123693822093,3.60934671526662,4.70812097463829),.UNSPECIFIED.);
#1010=LINE('',#1151,#1152);
#1011=VERTEX_POINT('',#1153);
#1012=B_SPLINE_CURVE_WITH_KNOTS('',3,(#1154,#1155,#1156,#1157,#1158,#1159,#1160),.UNSPECIFIED.,.F.,.F.,(4,1,1,1,4),(0.0128904023488913,1.16999413438283,2.40123693822093,3.60934671526662,4.70812097463829),.UNSPECIFIED.);
#1013=VERTEX_POINT('',#1161);
#1014=B_SPLINE_CURVE_WITH_KNOTS('',3,(#1162,#1163,#1164,#1165,#1166,#1167),.UNSPECIFIED.,.F.,.F.,(4,2,4),(2.74095375138664E-19,0.000926541079069232,0.00185308215813846),.UNSPECIFIED.);
#1015=B_SPLINE_CURVE_WITH_KNOTS('',3,(#1168,#1169,#1170,#1171,#1172,#1173,#1174),.UNSPECIFIED.,.F.,.F.,(4,1,1,1,4),(0.426206744076007,1.16999413438283,2.40123693822093,3.60934671526662,4.70812097463829),.UNSPECIFIED.);
#1016=VERTEX_POINT('',#1175);
#1017=CIRCLE('',#1176,1.0);
#1018=VERTEX_POINT('',#1177);
#1019=CIRCLE('',#1178,1.0);
#1020=VERTEX_POINT('',#1179);
#1021=CIRCLE('',#1180,1.0);
#1022=VERTEX_POINT('',#1181);
#1023=CIRCLE('',#1182,1.0);
#1024=VERTEX_POINT('',#1183);
#1025=CIRCLE('',#1184,1.0);
#1026=VERTEX_POINT('',#1185);
#1027=VERTEX_POINT('',#1186);
#1028=CIRCLE('',#1187,19.3723782894057);
#1029=LINE('',#1188,#1189);
#1030=LINE('',#1190,#1191);
#1031=VERTEX_POINT('',#1192);
#1032=ELLIPSE('',#1193,101.527594394468,19.3723782894057);
#1033=LINE('',#1194,#1195);
#1034=VERTEX_POINT('',#1196);
#1035=ELLIPSE('',#1197,111.561080281322,19.3723782894057);
#1036=LINE('',#1198,#1199);
#1037=CIRCLE('',#1200,19.3723782894057);
#1038=VERTEX_POINT('',#1201);
#1039=CIRCLE('',#1202,1.0);
#1040=VERTEX_POINT('',#1203);
#1041=CIRCLE('',#1204,1.0);
#1042=VERTEX_POINT('',#1205);
#1043=CIRCLE('',#1206,1.0);
#1044=VERTEX_POINT('',#1207);
#1045=VERTEX_POINT('',#1208);
#1046=B_SPLINE_CURVE_WITH_KNOTS('',3,(#1209,#1210,#1211,#1212,#1213,#1214,#1215,#1216,#1217,#1218),.UNSPECIFIED.,.F.,.F.,(4,3,3,4),(0.0,0.00295608373799469,0.00541254677205199,0.00786900979851208),.UNSPECIFIED.);
#1047=VERTEX_POINT('',#1219);
#1048=B_SPLINE_CURVE_WITH_KNOTS('',3,(#1220,#1221,#1222,#1223,#1224,#1225,#1226,#1227,#1228,#1229),.UNSPECIFIED.,.F.,.F.,(4,3,3,4),(1.24495355738732E-05,0.000383199184441916,0.000766398368883716,0.001532796748259),.UNSPECIFIED.);
#1049=VERTEX_POINT('',#1230);
#1050=LINE('',#1231,#1232);
#1051=VERTEX_POINT('',#1233);
#1052=CIRCLE('',#1234,19.3723782894057);
#1053=B_SPLINE_CURVE_WITH_KNOTS('',3,(#1235,#1236,#1237,#1238,#1239,#1240,#1241,#1242,#1243,#1244),.UNSPECIFIED.,.F.,.F.,(4,3,3,4),(0.0,0.000764154361875458,0.00114623154348207,0.00124461482800761),.UNSPECIFIED.);
#1054=VERTEX_POINT('',#1245);
#1055=B_SPLINE_CURVE_WITH_KNOTS('',3,(#1246,#1247,#1248,#1249),.UNSPECIFIED.,.F.,.F.,(4,4),(0.0,0.0489770760084897),.UNSPECIFIED.);
#1056=VERTEX_POINT('',#1250);
#1057=B_SPLINE_CURVE_WITH_KNOTS('',3,(#1251,#1252,#1253,#1254,#1255,#1256),.UNSPECIFIED.,.F.,.F.,(4,1,1,4),(0.0489770760084897,0.5,0.574933438762658,1.0),.UNSPECIFIED.);
#1058=VERTEX_POINT('',#1257);
#1059=B_SPLINE_CURVE_WITH_KNOTS('',3,(#1258,#1259,#1260,#1261,#1262,#1263,#1264,#1265),.UNSPECIFIED.,.F.,.F.,(4,1,1,1,1,4),(0.0,0.267956769873889,0.535355072352293,0.54499247586641,0.766166945001184,1.0),.UNSPECIFIED.);
#1060=VERTEX_POINT('',#1266);
#1061=B_SPLINE_CURVE_WITH_KNOTS('',3,(#1267,#1268,#1269,#1270,#1271,#1272),.UNSPECIFIED.,.F.,.F.,(4,1,1,4),(0.0,0.425066561237342,0.5,0.995953449966873),.UNSPECIFIED.);
#1062=VERTEX_POINT('',#1273);
#1063=B_SPLINE_CURVE_WITH_KNOTS('',1,(#1274,#1275),.UNSPECIFIED.,.F.,.F.,(2,2),(0.0,1.0),.UNSPECIFIED.);
#1064=B_SPLINE_CURVE_WITH_KNOTS('',1,(#1276,#1277),.UNSPECIFIED.,.F.,.F.,(2,2),(0.0,1.0),.UNSPECIFIED.);
#1065=VERTEX_POINT('',#1278);
#1066=VERTEX_POINT('',#1279);
#1067=B_SPLINE_CURVE_WITH_KNOTS('',3,(#1280,#1281,#1282,#1283,#1284,#1285),.UNSPECIFIED.,.F.,.F.,(4,2,4),(0.0,0.5,1.0),.UNSPECIFIED.);
#1068=B_SPLINE_CURVE_WITH_KNOTS('',1,(#1286,#1287),.UNSPECIFIED.,.F.,.F.,(2,2),(0.0,1.0),.UNSPECIFIED.);
#1069=B_SPLINE_CURVE_WITH_KNOTS('',1,(#1288,#1289),.UNSPECIFIED.,.F.,.F.,(2,2),(0.0,1.0),.UNSPECIFIED.);
#1070=B_SPLINE_CURVE_WITH_KNOTS('',3,(#1290,#1291,#1292,#1293),.UNSPECIFIED.,.F.,.F.,(4,4),(0.058160134616196,1.0),.UNSPECIFIED.);
#1071=B_SPLINE_CURVE_WITH_KNOTS('',3,(#1294,#1295,#1296,#1297,#1298,#1299),.UNSPECIFIED.,.F.,.F.,(4,2,4),(0.0,0.5,0.962592709202287),.UNSPECIFIED.);
#1072=B_SPLINE_CURVE_WITH_KNOTS('',3,(#1300,#1301,#1302,#1303),.UNSPECIFIED.,.F.,.F.,(4,4),(0.000204230138565611,0.00164858257069438),.UNSPECIFIED.);
#1073=ELLIPSE('',#1304,111.561080281322,19.3723782894057);
#1074=VERTEX_POINT('',#1305);
#1075=VERTEX_POINT('',#1306);
#1076=B_SPLINE_CURVE_WITH_KNOTS('',3,(#1307,#1308,#1309,#1310),.UNSPECIFIED.,.F.,.F.,(4,4),(0.0,0.999999395976601),.UNSPECIFIED.);
#1077=VERTEX_POINT('',#1311);
#1078=B_SPLINE_CURVE_WITH_KNOTS('',3,(#1312,#1313,#1314,#1315),.UNSPECIFIED.,.F.,.F.,(4,4),(0.0,1.0),.UNSPECIFIED.);
#1079=B_SPLINE_CURVE_WITH_KNOTS('',1,(#1316,#1317),.UNSPECIFIED.,.F.,.F.,(2,2),(0.0,0.999999672332492),.UNSPECIFIED.);
#1080=VERTEX_POINT('',#1318);
#1081=VERTEX_POINT('',#1319);
#1082=B_SPLINE_CURVE_WITH_KNOTS('',3,(#1320,#1321,#1322,#1323,#1324,#1325,#1326,#1327,#1328,#1329,#1330,#1331,#1332,#1333,#1334,#1335,#1336,#1337,#1338,#1339,#1340,#1341),.UNSPECIFIED.,.F.,.F.,(4,2,2,2,2,2,2,2,2,2,4),(0.000191496457075651,0.00295958932995046,0.00572768220282527,0.00711172863926267,0.00849577507570007,0.0112638679485749,0.0126479143850123,0.0140319608214497,0.0168000536943245,0.0195681465671993,0.0223362394400741),.UNSPECIFIED.);
#1083=B_SPLINE_CURVE_WITH_KNOTS('',3,(#1342,#1343,#1344,#1345,#1346,#1347),.UNSPECIFIED.,.F.,.F.,(4,2,4),(0.01766725324957,0.0327322850810081,0.0477973169124461),.UNSPECIFIED.);
#1084=VERTEX_POINT('',#1348);
#1085=B_SPLINE_CURVE_WITH_KNOTS('',3,(#1349,#1350,#1351,#1352,#1353,#1354),.UNSPECIFIED.,.F.,.F.,(4,2,4),(0.0,0.5,1.0),.UNSPECIFIED.);
#1086=B_SPLINE_CURVE_WITH_KNOTS('',3,(#1355,#1356,#1357,#1358,#1359,#1360),.UNSPECIFIED.,.F.,.F.,(4,2,4),(0.0285596702356782,0.5,1.0),.UNSPECIFIED.);
#1087=VERTEX_POINT('',#1361);
#1088=VERTEX_POINT('',#1362);
#1089=B_SPLINE_CURVE_WITH_KNOTS('',3,(#1363,#1364,#1365,#1366),.UNSPECIFIED.,.F.,.F.,(4,4),(6.50521303491303E-19,0.00099722291655556),.UNSPECIFIED.);
#1090=B_SPLINE_CURVE_WITH_KNOTS('',3,(#1367,#1368,#1369,#1370,#1371,#1372,#1373,#1374,#1375,#1376),.UNSPECIFIED.,.F.,.F.,(4,3,3,4),(0.000144534298419011,0.00037681917080109,0.000753638341576447,0.00150724693061696),.UNSPECIFIED.);
#1091=VERTEX_POINT('',#1377);
#1092=B_SPLINE_CURVE_WITH_KNOTS('',1,(#1378,#1379),.UNSPECIFIED.,.F.,.F.,(2,2),(0.0,1.0),.UNSPECIFIED.);
#1093=VERTEX_POINT('',#1380);
#1094=B_SPLINE_CURVE_WITH_KNOTS('',3,(#1381,#1382,#1383,#1384,#1385,#1386,#1387,#1388,#1389,#1390),.UNSPECIFIED.,.F.,.F.,(4,2,2,2,4),(0.0,0.375,0.5,0.625,1.0),.UNSPECIFIED.);
#1095=B_SPLINE_CURVE_WITH_KNOTS('',3,(#1391,#1392,#1393,#1394),.UNSPECIFIED.,.F.,.F.,(4,4),(0.00080018283097937,0.00136382568596793),.UNSPECIFIED.);
#1096=ELLIPSE('',#1395,111.561080281322,19.3723782894057);
#1097=VERTEX_POINT('',#1396);
#1098=B_SPLINE_CURVE_WITH_KNOTS('',3,(#1397,#1398,#1399,#1400,#1401,#1402,#1403,#1404,#1405,#1406),.UNSPECIFIED.,.F.,.F.,(4,2,2,2,4),(0.0,0.25,0.5,0.75,1.0),.UNSPECIFIED.);
#1099=VERTEX_POINT('',#1407);
#1100=ELLIPSE('',#1408,101.527594394468,19.3723782894057);
#1101=CIRCLE('',#1409,19.3723782894057);
#1102=VERTEX_POINT('',#1410);
#1103=VERTEX_POINT('',#1411);
#1104=B_SPLINE_CURVE_WITH_KNOTS('',3,(#1412,#1413,#1414,#1415),.UNSPECIFIED.,.F.,.F.,(4,4),(0.00633767269704166,0.00789349131017325),.UNSPECIFIED.);
#1105=VERTEX_POINT('',#1416);
#1106=B_SPLINE_CURVE_WITH_KNOTS('',3,(#1417,#1418,#1419,#1420,#1421,#1422,#1423,#1424,#1425,#1426),.UNSPECIFIED.,.F.,.F.,(4,2,2,2,4),(0.0,0.000726587221698767,0.00145317444339753,0.0021797616650963,0.00290634888679507),.UNSPECIFIED.);
#1107=B_SPLINE_CURVE_WITH_KNOTS('',1,(#1427,#1428),.UNSPECIFIED.,.F.,.F.,(2,2),(0.0,1.0),.UNSPECIFIED.);
#1108=B_SPLINE_CURVE_WITH_KNOTS('',3,(#1429,#1430,#1431,#1432,#1433,#1434),.UNSPECIFIED.,.F.,.F.,(4,1,1,4),(0.0,0.348184075610421,0.424763961725811,1.0),.UNSPECIFIED.);
#1109=VERTEX_POINT('',#1435);
#1110=B_SPLINE_CURVE_WITH_KNOTS('',3,(#1436,#1437,#1438,#1439,#1440),.UNSPECIFIED.,.F.,.F.,(4,1,4),(0.0,0.425066561237343,1.0),.UNSPECIFIED.);
#1111=B_SPLINE_CURVE_WITH_KNOTS('',3,(#1441,#1442,#1443,#1444,#1445,#1446),.UNSPECIFIED.,.F.,.F.,(4,1,1,4),(0.0,0.575236038274189,0.651815924389579,0.715546423011001),.UNSPECIFIED.);
#1112=LINE('',#1447,#1448);
#1113=VERTEX_POINT('',#1449);
#1114=VERTEX_POINT('',#1450);
#1115=B_SPLINE_CURVE_WITH_KNOTS('',3,(#1451,#1452,#1453,#1454,#1455,#1456),.UNSPECIFIED.,.F.,.F.,(4,2,4),(0.0,0.5,0.697165289477105),.UNSPECIFIED.);
#1116=B_SPLINE_CURVE_WITH_KNOTS('',3,(#1457,#1458,#1459,#1460,#1461,#1462,#1463,#1464,#1465,#1466),.UNSPECIFIED.,.F.,.F.,(4,3,3,4),(0.0,0.000766571571210504,0.00114985736819961,0.00153314316893394),.UNSPECIFIED.);
#1117=B_SPLINE_CURVE_WITH_KNOTS('',1,(#1467,#1468),.UNSPECIFIED.,.F.,.F.,(2,2),(0.0,1.0),.UNSPECIFIED.);
#1118=B_SPLINE_CURVE_WITH_KNOTS('',3,(#1469,#1470,#1471,#1472,#1473,#1474,#1475,#1476,#1477,#1478),.UNSPECIFIED.,.F.,.F.,(4,3,3,4),(9.37804976849419E-05,0.002431066457378,0.0047336740639851,0.00703628505153995),.UNSPECIFIED.);
#1119=B_SPLINE_CURVE_WITH_KNOTS('',3,(#1479,#1480,#1481,#1482,#1483,#1484,#1485,#1486,#1487,#1488),.UNSPECIFIED.,.F.,.F.,(4,2,2,2,4),(0.0,0.25,0.5,0.75,1.0),.UNSPECIFIED.);
#1120=B_SPLINE_CURVE_WITH_KNOTS('',3,(#1489,#1490,#1491,#1492),.UNSPECIFIED.,.F.,.F.,(4,4),(0.0,1.0),.UNSPECIFIED.);
#1121=VERTEX_POINT('',#1493);
#1122=VERTEX_POINT('',#1494);
#1123=CIRCLE('',#1495,19.372);
#1124=VERTEX_POINT('',#1496);
#1125=LINE('',#1497,#1498);
#1126=VERTEX_POINT('',#1499);
#1127=B_SPLINE_CURVE_WITH_KNOTS('',3,(#1500,#1501,#1502,#1503,#1504),.UNSPECIFIED.,.F.,.F.,(4,1,4),(0.0,0.5,1.0),.UNSPECIFIED.);
#1128=LINE('',#1505,#1506);
#1129=CARTESIAN_POINT('',(-11.3595639177813,-1.5,-5.08591912180318));
#1130=CARTESIAN_POINT('',(-0.661904441864206,-1.5,-10.9290910121033));
#1131=CARTESIAN_POINT('',(-11.3595639177813,-1.5,-5.08591912180319));
#1132=CARTESIAN_POINT('',(-11.1423208385938,-1.5,-5.7060640277888));
#1133=CARTESIAN_POINT('',(-10.3938274411176,-1.5,-7.33270539623731));
#1134=CARTESIAN_POINT('',(-7.16865358085465,-1.5,-9.72321380021496));
#1135=CARTESIAN_POINT('',(-3.36763063592971,-1.5,-10.6105850491982));
#1136=CARTESIAN_POINT('',(-1.534858225461,-1.5,-10.8263308045014));
#1137=CARTESIAN_POINT('',(-0.661904441864206,-1.5,-10.9290910121033));
#1138=CARTESIAN_POINT('',(-11.6510230166611,0.0,-4.15178656347143));
#1139=CARTESIAN_POINT('',(-11.3595639177303,-1.5,-5.08591912178531));
#1140=CARTESIAN_POINT('',(-11.4588033056346,-0.983594301661536,-4.80262908045384));
#1141=CARTESIAN_POINT('',(-11.5553795579239,-0.488363304431051,-4.48205351135015));
#1142=CARTESIAN_POINT('',(-11.6510230102561,1.38791986396407E-08,-4.15178658558859));
#1143=CARTESIAN_POINT('',(-0.661904441864206,0.0,-10.9290910121033));
#1144=CARTESIAN_POINT('',(-11.6510230166611,0.0,-4.15178656347159));
#1145=CARTESIAN_POINT('',(-11.3798279769089,0.0,-5.08825163217854));
#1146=CARTESIAN_POINT('',(-10.7707417216811,0.0,-7.05333541672468));
#1147=CARTESIAN_POINT('',(-7.16865358085465,0.0,-9.72321380021496));
#1148=CARTESIAN_POINT('',(-3.36763063592971,0.0,-10.6105850491982));
#1149=CARTESIAN_POINT('',(-1.534858225461,0.0,-10.8263308045014));
#1150=CARTESIAN_POINT('',(-0.661904441864206,0.0,-10.9290910121033));
#1151=CARTESIAN_POINT('',(-0.661904441864206,-1.5,-10.9290910121033));
#1152=VECTOR('',#1507,1.0);
#1153=CARTESIAN_POINT('',(10.6771493996477,0.0,-4.59006251869373));
#1154=CARTESIAN_POINT('',(10.6771493996477,0.0,-4.59006251869373));
#1155=CARTESIAN_POINT('',(10.3501981725923,0.0,-5.54630159066661));
#1156=CARTESIAN_POINT('',(9.66563727009751,0.0,-7.51845856789278));
#1157=CARTESIAN_POINT('',(5.89558664380555,0.0,-10.0395771733879));
#1158=CARTESIAN_POINT('',(2.05606708947871,0.0,-10.7419252020103));
#1159=CARTESIAN_POINT('',(0.215000079072969,0.0,-10.868705337293));
#1160=CARTESIAN_POINT('',(-0.661904441864206,0.0,-10.9290910121033));
#1161=CARTESIAN_POINT('',(10.3057437789718,-1.5,-5.6113187289679));
#1162=CARTESIAN_POINT('',(10.6771493996477,0.0,-4.59006251869373));
#1163=CARTESIAN_POINT('',(10.6157568640559,-0.243685535397642,-4.76961817226641));
#1164=CARTESIAN_POINT('',(10.5543136130512,-0.487865898078834,-4.94858216687557));
#1165=CARTESIAN_POINT('',(10.4306286275006,-0.985962512357441,-5.29228837085853));
#1166=CARTESIAN_POINT('',(10.3683905178063,-1.23990368844763,-5.45692096448353));
#1167=CARTESIAN_POINT('',(10.3057437716436,-1.49999998622617,-5.61131874702876));
#1168=CARTESIAN_POINT('',(10.3057437789718,-1.5,-5.6113187289679));
#1169=CARTESIAN_POINT('',(10.0587864649364,-1.5,-6.21996425671326));
#1170=CARTESIAN_POINT('',(9.23237091082374,-1.5,-7.80819363719994));
#1171=CARTESIAN_POINT('',(5.89558664380555,-1.5,-10.0395771733879));
#1172=CARTESIAN_POINT('',(2.05606708947871,-1.5,-10.7419252020103));
#1173=CARTESIAN_POINT('',(0.215000079072969,-1.5,-10.868705337293));
#1174=CARTESIAN_POINT('',(-0.661904441864206,-1.5,-10.9290910121033));
#1175=CARTESIAN_POINT('',(-6.49284473434921,-1.5,-4.19162687997569));
#1176=AXIS2_PLACEMENT_3D('',#1508,#1509,#1510);
#1177=CARTESIAN_POINT('',(-6.49284473434921,0.0,-4.19162687997569));
#1178=AXIS2_PLACEMENT_3D('',#1511,#1512,#1513);
#1179=CARTESIAN_POINT('',(-6.12862284984866,0.0,4.15042577023283));
#1180=AXIS2_PLACEMENT_3D('',#1514,#1515,#1516);
#1181=CARTESIAN_POINT('',(7.86657969980914,0.0,3.7839484939226));
#1182=AXIS2_PLACEMENT_3D('',#1517,#1518,#1519);
#1183=CARTESIAN_POINT('',(7.50235781530859,0.0,-4.55810415628592));
#1184=AXIS2_PLACEMENT_3D('',#1520,#1521,#1522);
#1185=CARTESIAN_POINT('',(-12.0417836063277,0.0,9.43836940781009));
#1186=CARTESIAN_POINT('',(11.715811949932,0.0,8.84300453803036));
#1187=AXIS2_PLACEMENT_3D('',#1523,#1524,#1525);
#1188=CARTESIAN_POINT('',(10.9664949759466,0.0,-0.847943920624548));
#1189=VECTOR('',#1526,1.0);
#1190=CARTESIAN_POINT('',(-11.7606770911381,0.0,-0.338157208891825));
#1191=VECTOR('',#1527,1.0);
#1192=CARTESIAN_POINT('',(11.4404572369683,-1.5,9.06397904495976));
#1193=AXIS2_PLACEMENT_3D('',#1528,#1529,#1530);
#1194=CARTESIAN_POINT('',(11.4246564695671,-1.5,8.85962704465986));
#1195=VECTOR('',#1531,1.0);
#1196=CARTESIAN_POINT('',(-11.7825837380538,-1.5,9.62617152469071));
#1197=AXIS2_PLACEMENT_3D('',#1532,#1533,#1534);
#1198=CARTESIAN_POINT('',(-11.4962958856858,-1.5,-0.330555400779386));
#1199=VECTOR('',#1535,1.0);
#1200=AXIS2_PLACEMENT_3D('',#1536,#1537,#1538);
#1201=CARTESIAN_POINT('',(7.50235781530859,-1.5,-4.55810415628592));
#1202=AXIS2_PLACEMENT_3D('',#1539,#1540,#1541);
#1203=CARTESIAN_POINT('',(7.86657969980914,-1.5,3.7839484939226));
#1204=AXIS2_PLACEMENT_3D('',#1542,#1543,#1544);
#1205=CARTESIAN_POINT('',(-6.12862284984866,-1.5,4.15042577023283));
#1206=AXIS2_PLACEMENT_3D('',#1545,#1546,#1547);
#1207=CARTESIAN_POINT('',(-10.0488574609733,-1.49999999834092,2.0364709231424));
#1208=CARTESIAN_POINT('',(-10.2783787900111,-1.50000047903447,9.90215246376816));
#1209=CARTESIAN_POINT('',(-10.0488596654784,-1.5,2.03649261745894));
#1210=CARTESIAN_POINT('',(-10.0777858637653,-1.5,3.02142919418246));
#1211=CARTESIAN_POINT('',(-10.1066156957883,-1.5,4.00636861586075));
#1212=CARTESIAN_POINT('',(-10.1352685469574,-1.5,4.99131318244055));
#1213=CARTESIAN_POINT('',(-10.1590786541019,-1.5,5.80978794864398));
#1214=CARTESIAN_POINT('',(-10.1827566186124,-1.5,6.62826656536909));
#1215=CARTESIAN_POINT('',(-10.2066702320758,-1.5,7.4467383139378));
#1216=CARTESIAN_POINT('',(-10.2305838456913,-1.5,8.26521006771293));
#1217=CARTESIAN_POINT('',(-10.2546105896195,-1.5,9.08367852879876));
#1218=CARTESIAN_POINT('',(-10.2783789847317,-1.5,9.90215451258673));
#1219=CARTESIAN_POINT('',(-11.566116305914,-1.50063365204984,1.8635761466958));
#1220=CARTESIAN_POINT('',(-11.5593981796858,-1.5,1.86406202510218));
#1221=CARTESIAN_POINT('',(-11.4366101393985,-1.5,1.87805875725018));
#1222=CARTESIAN_POINT('',(-11.313822444945,-1.5,1.89205852360087));
#1223=CARTESIAN_POINT('',(-11.1910350964374,-1.5,1.90606132313874));
#1224=CARTESIAN_POINT('',(-11.0641246274685,-1.5,1.92053432770986));
#1225=CARTESIAN_POINT('',(-10.9372145279871,-1.5,1.9350105725994));
#1226=CARTESIAN_POINT('',(-10.8103047981824,-1.5,1.94949005726243));
#1227=CARTESIAN_POINT('',(-10.5564853353464,-1.5,1.97844902695661));
#1228=CARTESIAN_POINT('',(-10.3026673506539,-1.5,2.00742095521465));
#1229=CARTESIAN_POINT('',(-10.0488508464217,-1.5,2.03640584471651));
#1230=CARTESIAN_POINT('',(-11.7825837380538,-1.5,9.62617152469071));
#1231=CARTESIAN_POINT('',(-11.4962958856858,-1.5,-0.330555400779386));
#1232=VECTOR('',#1548,1.0);
#1233=CARTESIAN_POINT('',(-11.5195897824225,-1.5,9.81016488807458));
#1234=AXIS2_PLACEMENT_3D('',#1549,#1550,#1551);
#1235=CARTESIAN_POINT('',(-10.2783787701763,-1.49999999999995,9.90215017431462));
#1236=CARTESIAN_POINT('',(-10.5323995659501,-1.49999999999995,9.88331519915486));
#1237=CARTESIAN_POINT('',(-10.7864208010374,-1.49999999999999,9.86448614793885));
#1238=CARTESIAN_POINT('',(-11.0404424724142,-1.49999999999999,9.84566298545963));
#1239=CARTESIAN_POINT('',(-11.1674533083508,-1.49999999999999,9.83625140420163));
#1240=CARTESIAN_POINT('',(-11.2944642533869,-1.5,9.82684129514541));
#1241=CARTESIAN_POINT('',(-11.4214753071538,-1.5,9.81743265400653));
#1242=CARTESIAN_POINT('',(-11.4541801250353,-1.5,9.81500996806044));
#1243=CARTESIAN_POINT('',(-11.4868849501268,-1.5,9.81258737944364));
#1244=CARTESIAN_POINT('',(-11.5195897824221,-1.5,9.81016488808383));
#1245=CARTESIAN_POINT('',(-11.8209611713234,0.0,1.17081902281171));
#1246=CARTESIAN_POINT('',(-11.8393074948564,0.0,1.16951563854193));
#1247=CARTESIAN_POINT('',(-11.7500593183661,-0.500382459886737,1.4007378340999));
#1248=CARTESIAN_POINT('',(-11.6608111418757,-1.00076491977347,1.63196002965787));
#1249=CARTESIAN_POINT('',(-11.5715629653854,-1.50114737966021,1.86318222521585));
#1250=CARTESIAN_POINT('',(-6.37257588710185,-30.65,15.3326026009747));
#1251=CARTESIAN_POINT('',(-11.5715629653854,-1.50114737966021,1.86318222521585));
#1252=CARTESIAN_POINT('',(-10.74968920725,-6.10909825310681,3.99247452339667));
#1253=CARTESIAN_POINT('',(-9.79126844972736,-11.4826190925786,6.47552975810738));
#1254=CARTESIAN_POINT('',(-8.05827275696618,-21.1989032993585,10.965336550027));
#1255=CARTESIAN_POINT('',(-7.14715082234042,-26.3072366326918,13.3258510437658));
#1256=CARTESIAN_POINT('',(-6.37257588710185,-30.65,15.3326026009747));
#1257=CARTESIAN_POINT('',(-6.48125801250379,-30.65,17.1033130548116));
#1258=CARTESIAN_POINT('',(-6.37257588710185,-30.65,15.3326026009747));
#1259=CARTESIAN_POINT('',(-6.38604347107117,-30.65,15.5520240710113));
#1260=CARTESIAN_POINT('',(-6.41295057027861,-30.65,15.9904096994928));
#1261=CARTESIAN_POINT('',(-6.42066629732984,-30.65,16.1161186741568));
#1262=CARTESIAN_POINT('',(-6.43938432090701,-30.65,16.4210832660865));
#1263=CARTESIAN_POINT('',(-6.46520876595333,-30.65,16.8418296826563));
#1264=CARTESIAN_POINT('',(-6.4758099531632,-30.65,17.0145502008295));
#1265=CARTESIAN_POINT('',(-6.48125801250379,-30.65,17.1033130548116));
#1266=CARTESIAN_POINT('',(-12.0253549760336,-0.18962884310212,9.4616304315286));
#1267=CARTESIAN_POINT('',(-6.48125801250379,-30.65,17.1033130548116));
#1268=CARTESIAN_POINT('',(-6.78939743439516,-28.9620013477926,16.6797729453435));
#1269=CARTESIAN_POINT('',(-7.15185763473931,-26.9764315498606,16.1815684897458));
#1270=CARTESIAN_POINT('',(-8.95530933419397,-17.0970593510192,13.7027096487739));
#1271=CARTESIAN_POINT('',(-10.6045988285691,-8.06219316441848,11.4357479964657));
#1272=CARTESIAN_POINT('',(-12.0411656702509,-0.192629193406713,9.46117533825326));
#1273=CARTESIAN_POINT('',(-12.0763295894982,0.0,9.41284224891375));
#1274=CARTESIAN_POINT('',(-12.0420152941361,0.00134126570133851,9.4381986002257));
#1275=CARTESIAN_POINT('',(-12.0095442818162,-0.186628492797526,9.46208552480389));
#1276=CARTESIAN_POINT('',(-11.8040994442854,6.50521303491303E-16,1.17201693637425));
#1277=CARTESIAN_POINT('',(-12.0417836063277,6.50521303491303E-16,9.4383694078101));
#1278=CARTESIAN_POINT('',(-4.90628075586095,-30.3468845410629,15.4226004156849));
#1279=CARTESIAN_POINT('',(-5.01246900529883,-30.3592566929471,17.193463937879));
#1280=CARTESIAN_POINT('',(-4.90628075586095,-30.3468845410629,15.4226004156849));
#1281=CARTESIAN_POINT('',(-4.93695628677254,-30.3488173549873,15.9288932356867));
#1282=CARTESIAN_POINT('',(-4.94395953282873,-30.3505505721013,16.0487781819397));
#1283=CARTESIAN_POINT('',(-4.97462050250057,-30.3546589696214,16.5618892758185));
#1284=CARTESIAN_POINT('',(-5.00782016238424,-30.3578969471423,17.1133370870323));
#1285=CARTESIAN_POINT('',(-5.01246900529883,-30.3592566929471,17.193463937879));
#1286=CARTESIAN_POINT('',(-5.01246900529883,-30.3592566929471,17.193463937879));
#1287=CARTESIAN_POINT('',(-6.48125801250379,-30.65,17.1033130548116));
#1288=CARTESIAN_POINT('',(-4.90628075586095,-30.3468845410629,15.4226004156849));
#1289=CARTESIAN_POINT('',(-6.37257588710185,-30.65,15.3326026009747));
#1290=CARTESIAN_POINT('',(-10.0488480856474,-1.50001547950214,2.03641300626712));
#1291=CARTESIAN_POINT('',(-8.33303434869885,-11.120484137791,6.48729731724706));
#1292=CARTESIAN_POINT('',(-6.61679135796849,-20.7409819874645,10.9382227168266));
#1293=CARTESIAN_POINT('',(-4.90628075586095,-30.3468845410629,15.4226004156849));
#1294=CARTESIAN_POINT('',(-5.01246900529883,-30.3592566929471,17.193463937879));
#1295=CARTESIAN_POINT('',(-5.35665621858109,-28.4619128018918,16.6820807917149));
#1296=CARTESIAN_POINT('',(-5.75534591953682,-26.2798819268021,16.133838773558));
#1297=CARTESIAN_POINT('',(-7.63387513722182,-15.9873542249071,13.5414651030976));
#1298=CARTESIAN_POINT('',(-8.9409896767843,-8.82655711751512,11.7423369560909));
#1299=CARTESIAN_POINT('',(-10.2783785952862,-1.50000095809221,9.90215041495545));
#1300=CARTESIAN_POINT('',(-12.0095442818162,-0.186628492797538,9.46208552480388));
#1301=CARTESIAN_POINT('',(-11.8514067925942,-0.626328031063735,9.5781641671791));
#1302=CARTESIAN_POINT('',(-11.6883159774151,-1.06420249677562,9.69419220859604));
#1303=CARTESIAN_POINT('',(-11.5195897824075,-1.5,9.8101648880849));
#1304=AXIS2_PLACEMENT_3D('',#1552,#1553,#1554);
#1305=CARTESIAN_POINT('',(4.80492612874331,-30.9166042561997,15.8145695938587));
#1306=CARTESIAN_POINT('',(6.50749658881737,-30.65,16.7887776399443));
#1307=CARTESIAN_POINT('',(6.50749377865755,-30.6499993782562,16.7887823901084));
#1308=CARTESIAN_POINT('',(5.91293919255445,-30.7391890320432,16.4899520885117));
#1309=CARTESIAN_POINT('',(5.34474312450548,-30.8285507553276,16.1642342953295));
#1310=CARTESIAN_POINT('',(4.80493200358086,-30.9164818817689,15.8145297550159));
#1311=CARTESIAN_POINT('',(4.90641609853329,-30.3497027228242,15.6763070097091));
#1312=CARTESIAN_POINT('',(4.90641609853327,-30.3497027228242,15.6763070097091));
#1313=CARTESIAN_POINT('',(4.87249340479535,-30.5388015061077,15.7225004819868));
#1314=CARTESIAN_POINT('',(4.83866130729669,-30.7277816512099,15.7685909617212));
#1315=CARTESIAN_POINT('',(4.8049261287433,-30.9166042561997,15.8145695938587));
#1316=CARTESIAN_POINT('',(6.50749354515834,-30.6499993032431,16.7887822167427));
#1317=CARTESIAN_POINT('',(4.90635710674212,-30.3498956781744,15.6763387167365));
#1318=CARTESIAN_POINT('',(9.88181599281164,-1.49999999998181,8.53125851810544));
#1319=CARTESIAN_POINT('',(-10.945075328336,-1.5,8.54962104279377));
#1320=CARTESIAN_POINT('',(9.88181599281271,-1.50000000000003,8.53125851810691));
#1321=CARTESIAN_POINT('',(9.12240123308263,-1.50000000000003,9.07464059776496));
#1322=CARTESIAN_POINT('',(8.33192512383219,-1.5,9.55637757470635));
#1323=CARTESIAN_POINT('',(6.68906977758454,-1.5,10.3969970896365));
#1324=CARTESIAN_POINT('',(5.83646077138991,-1.5,10.7554236221395));
#1325=CARTESIAN_POINT('',(4.50712708319068,-1.5,11.1929983189031));
#1326=CARTESIAN_POINT('',(4.05652568996345,-1.49999999999999,11.3217403746357));
#1327=CARTESIAN_POINT('',(3.15467532322553,-1.49999999999999,11.5415404584748));
#1328=CARTESIAN_POINT('',(2.70149016105401,-1.5,11.6332722343957));
#1329=CARTESIAN_POINT('',(1.33526370193709,-1.5,11.8548387384835));
#1330=CARTESIAN_POINT('',(0.415593475346888,-1.5,11.9313826318261));
#1331=CARTESIAN_POINT('',(-0.977650988328652,-1.5,11.9357478537507));
#1332=CARTESIAN_POINT('',(-1.44649464707509,-1.50000000000001,11.9185856589361));
#1333=CARTESIAN_POINT('',(-2.37624687160658,-1.50000000000001,11.8475030498633));
#1334=CARTESIAN_POINT('',(-2.83708103177506,-1.5,11.7938128654411));
#1335=CARTESIAN_POINT('',(-4.20776524832435,-1.5,11.5796768012925));
#1336=CARTESIAN_POINT('',(-5.10589146359965,-1.5,11.3665893813142));
#1337=CARTESIAN_POINT('',(-6.87003988348592,-1.5,10.7962634432289));
#1338=CARTESIAN_POINT('',(-7.74028801838028,-1.49999999999981,10.436169159283));
#1339=CARTESIAN_POINT('',(-9.39719672463429,-1.49999999999981,9.5903168090485));
#1340=CARTESIAN_POINT('',(-10.1898815065475,-1.5,9.10346823743964));
#1341=CARTESIAN_POINT('',(-10.945075328336,-1.5,8.54962104279377));
#1342=CARTESIAN_POINT('',(4.90641609853328,-30.3497027228242,15.6763070097091));
#1343=CARTESIAN_POINT('',(5.765419953846,-25.5423140027921,14.5030185505384));
#1344=CARTESIAN_POINT('',(6.58820341187984,-20.7328256700114,13.3122252210941));
#1345=CARTESIAN_POINT('',(8.23688851968861,-11.1174483244048,10.918850687113));
#1346=CARTESIAN_POINT('',(9.05834755042994,-6.31218835319715,9.71034244833862));
#1347=CARTESIAN_POINT('',(9.88181599281164,-1.49999999998181,8.53125851810544));
#1348=CARTESIAN_POINT('',(-6.02011911736416,-30.9176115550086,15.7012663455272));
#1349=CARTESIAN_POINT('',(-6.02011911736416,-30.9176115550086,15.7012663455272));
#1350=CARTESIAN_POINT('',(-4.27382795201648,-30.8098329884985,16.2551024317125));
#1351=CARTESIAN_POINT('',(-2.44746002830234,-30.8451307014904,16.5644238946337));
#1352=CARTESIAN_POINT('',(1.21529699136747,-30.8990105833042,16.6128228188782));
#1353=CARTESIAN_POINT('',(3.05162217001594,-30.9125177568742,16.3492531607463));
#1354=CARTESIAN_POINT('',(4.80491980803645,-30.9164793463387,15.8145479428226));
#1355=CARTESIAN_POINT('',(-10.9450658068995,-1.49999845358905,8.54962044459754));
#1356=CARTESIAN_POINT('',(-9.61311905197504,-8.984286337147,10.4022982585515));
#1357=CARTESIAN_POINT('',(-8.31324347906019,-16.3397293957789,12.2179276381682));
#1358=CARTESIAN_POINT('',(-6.53940045703247,-26.7680619070005,14.7586466166077));
#1359=CARTESIAN_POINT('',(-6.22957961792894,-28.9771150256309,15.2619873447328));
#1360=CARTESIAN_POINT('',(-6.02011911736416,-30.9176115550086,15.7012663455272));
#1361=CARTESIAN_POINT('',(-11.7203433566319,-1.5,9.67030358462527));
#1362=CARTESIAN_POINT('',(-11.9479874856773,-0.542925017231621,9.50708429137235));
#1363=CARTESIAN_POINT('',(-11.7203433566319,-1.5,9.67030358462527));
#1364=CARTESIAN_POINT('',(-11.7965245249034,-1.18094222105757,9.61651182617562));
#1365=CARTESIAN_POINT('',(-11.8724098071886,-0.86191681985588,9.56210459992077));
#1366=CARTESIAN_POINT('',(-11.9479874856773,-0.542925017231621,9.50708429137235));
#1367=CARTESIAN_POINT('',(-11.7203433566319,-1.49999999999999,9.67030358462526));
#1368=CARTESIAN_POINT('',(-11.676323346108,-1.49999999999999,9.60660602655201));
#1369=CARTESIAN_POINT('',(-11.6322980895125,-1.5,9.54291209360755));
#1370=CARTESIAN_POINT('',(-11.5882675951797,-1.5,9.47922178194377));
#1371=CARTESIAN_POINT('',(-11.5168400666805,-1.5,9.37590153490998));
#1372=CARTESIAN_POINT('',(-11.4453987534001,-1.5,9.27259081624187));
#1373=CARTESIAN_POINT('',(-11.3739436907613,-1.5,9.1692896095795));
#1374=CARTESIAN_POINT('',(-11.2310392111409,-1.5,8.96269535807257));
#1375=CARTESIAN_POINT('',(-11.0880797310384,-1.5,8.75613914053686));
#1376=CARTESIAN_POINT('',(-10.9450655314926,-1.5,8.54962082711264));
#1377=CARTESIAN_POINT('',(-6.48125801250379,-30.65,17.1033130548116));
#1378=CARTESIAN_POINT('',(-6.02011911736416,-30.9176115550086,15.7012663455272));
#1379=CARTESIAN_POINT('',(-6.48125801250379,-30.65,17.1033130548116));
#1380=CARTESIAN_POINT('',(-12.0574354056883,-0.00295178424901133,9.38733191242216));
#1381=CARTESIAN_POINT('',(-12.0763295894982,0.0,9.41284224891375));
#1382=CARTESIAN_POINT('',(-10.9900904089716,-5.95045665189253,10.905886724057));
#1383=CARTESIAN_POINT('',(-9.90385122844492,-11.9009133037851,12.3989311992002));
#1384=CARTESIAN_POINT('',(-8.72112633662679,-18.3799220948932,14.0245960592058));
#1385=CARTESIAN_POINT('',(-8.44757794830149,-19.8784298417189,14.4005905153029));
#1386=CARTESIAN_POINT('',(-7.95950206399547,-22.5521267995004,15.0714547370855));
#1387=CARTESIAN_POINT('',(-7.74664373579813,-23.7181722502993,15.3640302182509));
#1388=CARTESIAN_POINT('',(-7.02494831302,-27.671645303102,16.3560063714151));
#1389=CARTESIAN_POINT('',(-6.75310316276189,-29.160822651551,16.7296597131133));
#1390=CARTESIAN_POINT('',(-6.48125801250379,-30.65,17.1033130548116));
#1391=CARTESIAN_POINT('',(-11.9479874856774,-0.542925017231564,9.50708429137234));
#1392=CARTESIAN_POINT('',(-11.9781710041087,-0.363921551315924,9.45864910938764));
#1393=CARTESIAN_POINT('',(-12.0083555914462,-0.184914371393471,9.41022831730746));
#1394=CARTESIAN_POINT('',(-12.0385412218784,-0.0059035684980281,9.36182157593052));
#1395=AXIS2_PLACEMENT_3D('',#1555,#1556,#1557);
#1396=CARTESIAN_POINT('',(11.7195903567346,0.0,8.83719835520501));
#1397=CARTESIAN_POINT('',(-12.0417836063277,0.0,9.43836940781009));
#1398=CARTESIAN_POINT('',(-10.325505455211,0.0,10.7036442937662));
#1399=CARTESIAN_POINT('',(-8.3987906455651,-0.0,11.682764758975));
#1400=CARTESIAN_POINT('',(-4.33118246543615,-0.0,12.9636584349197));
#1401=CARTESIAN_POINT('',(-2.19109085769313,0.0,13.2651791698078));
#1402=CARTESIAN_POINT('',(2.07208192936527,-0.0,13.1580217910993));
#1403=CARTESIAN_POINT('',(4.19432279836961,0.0,12.7493647992011));
#1404=CARTESIAN_POINT('',(8.19244302106891,-0.0,11.2657342518713));
#1405=CARTESIAN_POINT('',(10.0675343087352,0.0,10.1910531335773));
#1406=CARTESIAN_POINT('',(11.7180784373421,0.0,8.84115117100641));
#1407=CARTESIAN_POINT('',(11.4404572369683,-1.5,9.06397904495976));
#1408=AXIS2_PLACEMENT_3D('',#1558,#1559,#1560);
#1409=AXIS2_PLACEMENT_3D('',#1561,#1562,#1563);
#1410=CARTESIAN_POINT('',(10.9644751490076,-1.5,2.90808235262043));
#1411=CARTESIAN_POINT('',(10.8413706322319,-1.50000000000084,1.35715175740421));
#1412=CARTESIAN_POINT('',(10.9644751490069,-1.5,2.90808235261139));
#1413=CARTESIAN_POINT('',(10.9225892147583,-1.5,2.39117049764059));
#1414=CARTESIAN_POINT('',(10.8804855331548,-1.50000000000001,1.8742762570805));
#1415=CARTESIAN_POINT('',(10.8382050495587,-1.50000000000001,1.35739652445006));
#1416=CARTESIAN_POINT('',(11.4483431879179,0.0149361276942966,5.34718938603395));
#1417=CARTESIAN_POINT('',(10.9644751490076,-1.5,2.90808235262043));
#1418=CARTESIAN_POINT('',(11.0134688355043,-1.30603895976516,3.05266011997313));
#1419=CARTESIAN_POINT('',(11.0594041507967,-1.1369560101947,3.22041226865075));
#1420=CARTESIAN_POINT('',(11.1458288259628,-0.843089826033022,3.59718253377515));
#1421=CARTESIAN_POINT('',(11.1864486108221,-0.717856248170059,3.80675193196279));
#1422=CARTESIAN_POINT('',(11.2633195415034,-0.4943623600735,4.23740220710319));
#1423=CARTESIAN_POINT('',(11.2999475804138,-0.394417516779852,4.45911002203874));
#1424=CARTESIAN_POINT('',(11.3727079965164,-0.197365912040963,4.90327126958852));
#1425=CARTESIAN_POINT('',(11.4088427330803,-0.100393856292826,5.12609486738386));
#1426=CARTESIAN_POINT('',(11.4455180690301,3.74154781592959E-13,5.34728222097228));
#1427=CARTESIAN_POINT('',(11.7154170307792,-2.57498015965307E-16,8.83789703174439));
#1428=CARTESIAN_POINT('',(11.44551806903,-1.96511643762998E-16,5.34728222097229));
#1429=CARTESIAN_POINT('',(11.72376368269,5.24409167017729E-16,8.83649967866558));
#1430=CARTESIAN_POINT('',(11.4896134948662,-1.37583124630107,9.19346517616635));
#1431=CARTESIAN_POINT('',(11.2039641260817,-3.05426392539603,9.6289419527881));
#1432=CARTESIAN_POINT('',(9.82442451736763,-11.1602309409183,11.7320709202396));
#1433=CARTESIAN_POINT('',(8.06245639403884,-21.5132903238369,14.4182179337011));
#1434=CARTESIAN_POINT('',(6.50749658881737,-30.65,16.7887776399443));
#1435=CARTESIAN_POINT('',(6.31323313881737,-30.65,15.0254033099443));
#1436=CARTESIAN_POINT('',(6.50749658881739,-30.6499999999999,16.7887776399443));
#1437=CARTESIAN_POINT('',(6.49679784683458,-30.6499999999999,16.691662680976));
#1438=CARTESIAN_POINT('',(6.47162827821063,-30.6499999999999,16.463192676924));
#1439=CARTESIAN_POINT('',(6.37105568543002,-30.6499999999999,15.5502719581224));
#1440=CARTESIAN_POINT('',(6.31323313881739,-30.6499999999999,15.0254033099442));
#1441=CARTESIAN_POINT('',(6.31323313881737,-30.65,15.0254033099443));
#1442=CARTESIAN_POINT('',(7.94003473833749,-20.1700970168567,10.1115307512848));
#1443=CARTESIAN_POINT('',(9.78340879322278,-8.29502800872443,4.54348533854505));
#1444=CARTESIAN_POINT('',(10.6726712514446,-2.566373517937,1.85740340194695));
#1445=CARTESIAN_POINT('',(10.7927901923283,-1.79256382456717,1.49457540401693));
#1446=CARTESIAN_POINT('',(10.8382050495585,-1.50000000000168,1.35739652445085));
#1447=CARTESIAN_POINT('',(11.4246564695671,-1.5,8.85962704465986));
#1448=VECTOR('',#1564,1.0);
#1449=CARTESIAN_POINT('',(4.85281320196076,-30.3478600025313,15.1862915629691));
#1450=CARTESIAN_POINT('',(9.32618505004092,-1.50000000000079,1.61102727273152));
#1451=CARTESIAN_POINT('',(4.85281320196076,-30.3478600025313,15.1862915629691));
#1452=CARTESIAN_POINT('',(6.26009174882736,-21.2533737262439,10.8814998773087));
#1453=CARTESIAN_POINT('',(7.67469713960638,-12.1439040972606,6.6109989762662));
#1454=CARTESIAN_POINT('',(8.90845141896261,-4.19231110711736,2.87578963844612));
#1455=CARTESIAN_POINT('',(9.16422295903304,-2.54391689056038,2.10155352800389));
#1456=CARTESIAN_POINT('',(9.32618212175357,-1.5000075255824,1.61101029150479));
#1457=CARTESIAN_POINT('',(9.32618328781655,-1.50000000485602,1.61100675972368));
#1458=CARTESIAN_POINT('',(9.57817887960455,-1.50000000485602,1.56869053055054));
#1459=CARTESIAN_POINT('',(9.83017836447682,-1.5,1.52639747777131));
#1460=CARTESIAN_POINT('',(10.0821819183121,-1.5,1.48412869039309));
#1461=CARTESIAN_POINT('',(10.2081836993899,-1.5,1.46299429600617));
#1462=CARTESIAN_POINT('',(10.3341864987043,-1.5,1.44186597132791));
#1463=CARTESIAN_POINT('',(10.4601903433782,-1.5,1.42074388364052));
#1464=CARTESIAN_POINT('',(10.5861941892775,-1.5,1.39962179574773));
#1465=CARTESIAN_POINT('',(10.7121990807849,-1.50000000000008,1.378505944426));
#1466=CARTESIAN_POINT('',(10.8382050495587,-1.50000000000008,1.35739652445009));
#1467=CARTESIAN_POINT('',(4.85281320196076,-30.3478600025313,15.1862915629691));
#1468=CARTESIAN_POINT('',(6.31323313881737,-30.65,15.0254033099443));
#1469=CARTESIAN_POINT('',(9.8818159928082,-1.49999999999999,8.5312585181057));
#1470=CARTESIAN_POINT('',(9.82030863603393,-1.49999999999999,7.75459490845164));
#1471=CARTESIAN_POINT('',(9.75884190700321,-1.50000000000001,6.97792803524941));
#1472=CARTESIAN_POINT('',(9.69702640271693,-1.50000000000001,6.20128889064745));
#1473=CARTESIAN_POINT('',(9.63612806355261,-1.50000000000001,5.4361728476364));
#1474=CARTESIAN_POINT('',(9.57482927100378,-1.5,4.67108851148233));
#1475=CARTESIAN_POINT('',(9.51302335171336,-1.5,3.9060452477864));
#1476=CARTESIAN_POINT('',(9.45121734176623,-1.5,3.1410008619276));
#1477=CARTESIAN_POINT('',(9.38889544952113,-1.50000000000079,2.3759980571388));
#1478=CARTESIAN_POINT('',(9.32618505004092,-1.50000000000079,1.61102727273152));
#1479=CARTESIAN_POINT('',(-6.48125801250379,-30.65,17.1033130548116));
#1480=CARTESIAN_POINT('',(-5.43241723613715,-30.65,17.4482810744847));
#1481=CARTESIAN_POINT('',(-4.35404142615246,-30.65,17.7033543755968));
#1482=CARTESIAN_POINT('',(-2.16956850408651,-30.65,18.0263002454063));
#1483=CARTESIAN_POINT('',(-1.06350931350767,-30.65,18.0941659683912));
#1484=CARTESIAN_POINT('',(1.14405907235277,-30.65,18.0407075376635));
#1485=CARTESIAN_POINT('',(2.24553686317608,-30.65,17.9193841444405));
#1486=CARTESIAN_POINT('',(4.41181754277824,-30.65,17.4910805147003));
#1487=CARTESIAN_POINT('',(5.47658288586099,-30.65,17.1841089514075));
#1488=CARTESIAN_POINT('',(6.50749658881738,-30.65,16.7887776399443));
#1489=CARTESIAN_POINT('',(4.90637675618405,-30.3499001725862,15.676310370753));
#1490=CARTESIAN_POINT('',(4.88975325725404,-30.3491793016384,15.5240748825242));
#1491=CARTESIAN_POINT('',(4.87186108446059,-30.3484900290935,15.3603767621989));
#1492=CARTESIAN_POINT('',(4.85281320196076,-30.3478600025313,15.1862915629691));
#1493=CARTESIAN_POINT('',(-6.48125801250379,-30.65,17.1033130548116));
#1494=CARTESIAN_POINT('',(6.50749658881737,-30.65,16.7887776399443));
#1495=AXIS2_PLACEMENT_3D('',#1565,#1566,#1567);
#1496=CARTESIAN_POINT('',(6.31323313881737,-30.65,15.0254033099443));
#1497=CARTESIAN_POINT('',(6.31323313881737,-30.65,15.0254033099443));
#1498=VECTOR('',#1568,1.0);
#1499=CARTESIAN_POINT('',(-6.37257588710185,-30.65,15.3326026009747));
#1500=CARTESIAN_POINT('',(6.31323313881737,-30.65,15.0254033099443));
#1501=CARTESIAN_POINT('',(4.20435853941147,-30.65,15.3007074828751));
#1502=CARTESIAN_POINT('',(-0.0133906594003231,-30.65,15.8513158287367));
#1503=CARTESIAN_POINT('',(-4.25284747786801,-30.65,15.5055070102287));
#1504=CARTESIAN_POINT('',(-6.37257588710185,-30.65,15.3326026009747));
#1505=CARTESIAN_POINT('',(-6.37257588710185,-30.65,15.3326026009747));
#1506=VECTOR('',#1569,1.0);
#1507=DIRECTION('',(0.0,1.0,0.0));
#1508=CARTESIAN_POINT('',(-7.49284473434921,-1.5,-4.19162687997569));
#1509=DIRECTION('',(-0.0,1.0,0.0));
#1510=DIRECTION('',(1.0,0.0,0.0));
#1511=CARTESIAN_POINT('',(-7.49284473434921,0.0,-4.19162687997569));
#1512=DIRECTION('',(-0.0,1.0,0.0));
#1513=DIRECTION('',(1.0,0.0,0.0));
#1514=CARTESIAN_POINT('',(-7.12862284984866,0.0,4.15042577023283));
#1515=DIRECTION('',(-0.0,1.0,0.0));
#1516=DIRECTION('',(1.0,0.0,0.0));
#1517=CARTESIAN_POINT('',(6.86657969980914,0.0,3.7839484939226));
#1518=DIRECTION('',(-0.0,1.0,0.0));
#1519=DIRECTION('',(1.0,0.0,0.0));
#1520=CARTESIAN_POINT('',(6.50235781530859,0.0,-4.55810415628592));
#1521=DIRECTION('',(-0.0,1.0,0.0));
#1522=DIRECTION('',(1.0,0.0,0.0));
#1523=CARTESIAN_POINT('',(-0.546286942471376,0.0,-6.15466099166985));
#1524=DIRECTION('',(0.0,1.0,0.0));
#1525=DIRECTION('',(-0.595179511507491,0.0,0.803592775653008));
#1526=DIRECTION('',(-0.0770912199807492,0.0,-0.997024043743118));
#1527=DIRECTION('',(0.0287413307628661,0.0,-0.999586882620005));
#1528=CARTESIAN_POINT('',(-0.546286942471376,-56.9472244335795,-6.15466099166985));
#1529=DIRECTION('',(0.978705903889158,-0.190808995376545,-0.0756748371382471));
#1530=DIRECTION('',(0.190241156152885,0.981627183447664,-0.014709698236879));
#1531=DIRECTION('',(0.0770912199807492,0.0,0.997024043743118));
#1532=CARTESIAN_POINT('',(-0.546286942471376,-62.6256015144016,-6.15466099166985));
#1533=DIRECTION('',(0.984400911813485,0.173648177666931,0.0283046853671589));
#1534=DIRECTION('',(-0.173576440586732,0.984807753012208,-0.00499087971069421));
#1535=DIRECTION('',(0.0287413307628662,0.0,-0.999586882620005));
#1536=CARTESIAN_POINT('',(-0.546286942471376,-1.5,-6.15466099166985));
#1537=DIRECTION('',(0.0,1.0,0.0));
#1538=DIRECTION('',(-0.595179511507491,0.0,0.803592775653008));
#1539=CARTESIAN_POINT('',(6.50235781530859,-1.5,-4.55810415628592));
#1540=DIRECTION('',(-0.0,1.0,0.0));
#1541=DIRECTION('',(1.0,0.0,0.0));
#1542=CARTESIAN_POINT('',(6.86657969980914,-1.5,3.7839484939226));
#1543=DIRECTION('',(-0.0,1.0,0.0));
#1544=DIRECTION('',(1.0,0.0,0.0));
#1545=CARTESIAN_POINT('',(-7.12862284984866,-1.5,4.15042577023283));
#1546=DIRECTION('',(-0.0,1.0,0.0));
#1547=DIRECTION('',(1.0,0.0,0.0));
#1548=DIRECTION('',(0.0287413307628662,0.0,-0.999586882620005));
#1549=CARTESIAN_POINT('',(-0.546286942471376,-1.5,-6.15466099166985));
#1550=DIRECTION('',(0.0,1.0,0.0));
#1551=DIRECTION('',(-0.595179511507491,0.0,0.803592775653008));
#1552=CARTESIAN_POINT('',(-0.546286942471376,-62.6256015144016,-6.15466099166985));
#1553=DIRECTION('',(0.984400911813485,0.173648177666931,0.0283046853671589));
#1554=DIRECTION('',(-0.173576440586732,0.984807753012208,-0.00499087971069421));
#1555=CARTESIAN_POINT('',(-0.546286942471376,-62.6256015144016,-6.15466099166985));
#1556=DIRECTION('',(0.984400911813485,0.173648177666931,0.0283046853671589));
#1557=DIRECTION('',(-0.173576440586732,0.984807753012208,-0.00499087971069421));
#1558=CARTESIAN_POINT('',(-0.546286942471376,-56.9472244335795,-6.15466099166985));
#1559=DIRECTION('',(0.978705903889158,-0.190808995376545,-0.0756748371382471));
#1560=DIRECTION('',(0.190241156152885,0.981627183447664,-0.014709698236879));
#1561=CARTESIAN_POINT('',(-0.546286942471376,-1.5,-6.15466099166985));
#1562=DIRECTION('',(0.0,1.0,0.0));
#1563=DIRECTION('',(-0.595179511507491,0.0,0.803592775653008));
#1564=DIRECTION('',(0.0770912199807492,0.0,0.997024043743118));
#1565=CARTESIAN_POINT('',(-0.428699588656053,-30.65,-1.29888574114512));
#1566=DIRECTION('',(0.0,1.0,0.0));
#1567=DIRECTION('',(-0.312438489771203,0.0,0.949937992770839));
#1568=DIRECTION('',(-0.109503258141214,-0.0,-0.993986436756789));
#1569=DIRECTION('',(-0.0612624085139244,0.0,0.998121694636016));
ENDSEC;
END-ISO-10303-21;
